"ME_NUMERO","ME_CTR","ME_PLACA","ME_D_SAIDA","ME_K_SAIDA","ME_H_SAIDA","ME_T_SAIDA","ME_D_RET","ME_K_RET","ME_H_RET","ME_T_RET","ME_D_PREV","ME_H_PREV","ME_QUANT","ME_TIPOKM","ME_VALUNIT","ME_FRANQ","ME_KMEXCED","ME_HREXCED","ME_BONUS","ME_SEGURO","ME_TAXASER","ME_V_ANTEC","ME_CAUCAO","ME_PROTEC","ME_TAXAENT","ME_VAL_MOT","ME_EXT_MOT","ME_LIMITE","ME_AVARIAS","ME_PERDAT","ME_DM","ME_DP","ME_DPP","ME_LCE","ME_SUBST","ME_HORAS_MIN","ME_RETIRAR","ME_LOJA","ME_MOTOAD","ME_TIPOCTR","ME_DESCONTO","ME_DIAEXCED","ME_FRANQUIA_TER","ME_L_SAIDA","ME_L_PREV","ME_SAIUTMP","ME_CONDUTOR","CONTRATO_ID","DEVOLVIDO_AVARIAS","OBSERVACAO","OPERADOR","CODIGOGRUPO","ME_UPGRADE","ID_SUBSTITUICAO","ME_VALORPREVISTO","LOCACAO_ID","TIPOLOCACAO","QTD_HORAS_EXC","ME_TARIFA","OP_RECEBEU_VEICULO","CUPOM_PROMOCIONAL","STATUS","ME_RESERVA","MOVIMENTO_ID","MEDICAO","QTD_DIAS","ME_SUBSTITUTO","VE_TITULAR","ME_VALOR_AQUISICAO","VALOR_LOCACAO","VALOR_AQUISICAO","FRANQUIA_LOCACAO","LOCALIZACAO_ID","TIPO_DESCONTO","ME_SERVICOADICIONAL","CODIGONOTAFISCAL","SAIDA","RETORNO","PREVISAO","VALOR_REAJUSTADO","INDICE_REAJUSTE","INDICE","KM_RODADO"
1,"00000125001",SRZ8B67,2025-03-25,14000,08:00:00,"0  ",,,,,2026-09-27,08:00:00,78,L,455.0,,0.0,0.0,,0.0,0.0,,600.0,,0.0,,,,"","",,,,,,,N,1,0.0,AS,0.0,,,0,0,,,1,N,,,,0.0,,35815.0,,,0.0,,,,A,,,"001",551,,S,,455.0,0.0,,,,,,2025-03-25 08:00:00.000,,2026-09-27 08:00:00.000,,,,0
2,"00000225001",TTF3C23,2025-03-25,6000,09:00:00,"0  ",2025-06-19,23015,10:25:00,"0  ",2026-06-07,09:00:00,62,L,455.0,,0.0,0.0,,0.0,0.0,,600.0,,0.0,,,,"","",,,,,,,N,1,0.0,AS,0.0,,,0,0,,,2,N,,,,0.0,,28535.0,,,0.0,,,,E,,,"001",86,,S,,455.0,0.0,,,,,,2025-03-25 09:00:00.000,2025-06-19 10:25:00.000,2026-06-07 09:00:00.000,,,,17015
3,"00000325001",SRZ9H80,2025-03-25,20058,08:00:00,"0  ",,,,,2026-10-01,08:00:00,79,L,420.0,,0.0,0.0,,0.0,0.0,,600.0,,0.0,,,,"","",,,,,,,N,1,0.0,AS,0.0,,,0,0,,,3,N,,,,0.0,,33300.0,,,0.0,,,,A,,,"001",555,,S,,420.0,0.0,,,,,,2025-03-25 08:00:00.000,,2026-10-01 08:00:00.000,,,,0
4,"00000425001",SRZ8B77,2025-03-25,11526,09:00:00,"0  ",,,,,2026-09-30,09:00:00,79,L,455.0,,0.0,0.0,,0.0,0.0,,600.0,,0.0,,,,"","",,,,,,,N,1,0.0,AS,0.0,,,0,0,,,4,N,,,,0.0,,36010.0,,,0.0,,,,A,,,"001",554,,S,,455.0,0.0,,,,,,2025-03-25 09:00:00.000,,2026-09-30 09:00:00.000,,,,0
5,"00000525001",TTS0B67,2025-03-25,9330,09:00:00,"0  ",2025-07-10,30050,16:51:00,"0  ",2027-01-29,09:00:00,96,L,455.0,,0.0,0.0,,0.0,0.0,,600.0,,0.0,,,,"","",,,,,,,N,1,0.0,AS,0.0,,,0,0,,,5,N,,,,0.0,,43875.0,,,0.0,,,,E,,,"001",107,,S,,455.0,0.0,,,,,,2025-03-25 09:00:00.000,2025-07-10 16:51:00.000,2027-01-29 09:00:00.000,,,,20720
6,"00000625001",TUQ0B84,2025-03-25,11930,09:00:00,"0  ",,,,,2027-01-29,09:00:00,96,L,455.0,,0.0,0.0,,0.0,0.0,,600.0,,0.0,,,,"","",,,,,,,N,1,0.0,AS,0.0,,,0,0,,,6,N,,,,0.0,,43875.0,,,0.0,,,,A,,,"001",675,,S,,455.0,0.0,,,,,,2025-03-25 09:00:00.000,,2027-01-29 09:00:00.000,,,,0
7,"00000725001",TTF3I09,2025-03-25,6000,09:00:00,"0  ",,,,,2027-06-19,09:00:00,116,L,455.0,,0.0,0.0,,0.0,0.0,,600.0,,0.0,,,,"","",,,,,,,N,1,0.0,AS,0.0,,,0,0,,,7,N,,,,0.0,,53040.0,,,0.0,,,,A,,,"001",816,,S,,455.0,0.0,,,,,,2025-03-25 09:00:00.000,,2027-06-19 09:00:00.000,,,,0
8,"00000825001",TTE6H33,2025-03-25,2130,09:00:00,"0  ",2025-09-18,12888,16:26:00,"0  ",2027-07-17,09:00:00,120,L,455.0,,0.0,0.0,,0.0,0.0,,600.0,,0.0,,,,"","",,,,,,,N,1,0.0,AS,0.0,,,0,0,,,8,N,,,,0.0,,54860.0,,,0.0,,,,E,,,"001",177,,S,,455.0,0.0,,,,,,2025-03-25 09:00:00.000,2025-09-18 16:26:00.000,2027-07-17 09:00:00.000,,,,10758
9,"00000925001",TTR0H12,2025-03-25,3000,09:00:00,"0  ",2025-06-09,6679,18:00:00,"0  ",2027-07-19,09:00:00,120,L,455.0,,0.0,0.0,,0.0,0.0,,600.0,,0.0,,,,"","",,,,,,,N,1,0.0,AS,0.0,,,0,0,,,9,N,,,,0.0,,54990.0,,,0.0,,,,E,,,"001",76,,S,,455.0,0.0,,,,,,2025-03-25 09:00:00.000,2025-06-09 18:00:00.000,2027-07-19 09:00:00.000,,,,3679
10,"00001025001",TUB0H06,2025-03-25,10173,09:00:00,"0  ",2026-05-19,93918,12:09:00,"0  ",2027-07-21,09:00:00,121,L,455.0,,0.0,0.0,,0.0,0.0,,600.0,,0.0,,,,"","",,,,,,,N,1,0.0,AS,0.0,,,0,0,,,10,N,,,,0.0,,55120.0,,,0.0,,,,E,,,"001",420,,S,,455.0,0.0,,,,,,2025-03-25 09:00:00.000,2026-05-19 12:09:00.000,2027-07-21 09:00:00.000,,,,83745
11,"00001125001",TTS0H70,2025-03-25,1112,09:00:00,"0  ",2025-10-01,32244,10:40:00,"0  ",2027-07-21,09:00:00,121,L,455.0,,0.0,0.0,,0.0,0.0,,600.0,,0.0,,,,"","",,,,,,,N,1,0.0,AS,0.0,,,0,0,,,11,N,,,,0.0,,55120.0,,,0.0,,,,E,,,"001",190,,S,,455.0,0.0,,,,,,2025-03-25 09:00:00.000,2025-10-01 10:40:00.000,2027-07-21 09:00:00.000,,,,31132
12,"00001225001",TTC5A25,2025-03-25,6218,09:00:00,"0  ",,,,,2027-07-13,09:00:00,120,L,455.0,,0.0,0.0,,0.0,0.0,,600.0,,0.0,,,,"","",,,,,,,N,1,0.0,AS,0.0,,,0,0,,,12,N,,,,0.0,,54600.0,,,0.0,,,,A,,,"001",840,,S,,455.0,0.0,,,,,,2025-03-25 09:00:00.000,,2027-07-13 09:00:00.000,,,,0
13,"00001325001",TTL0H06,2025-03-25,4000,09:00:00,"0  ",2026-04-25,53838,11:47:00,"0  ",2027-07-13,09:00:00,120,L,455.0,,0.0,0.0,,0.0,0.0,,600.0,,0.0,,,,"","",,,,,,,N,1,0.0,AS,0.0,,,0,0,,,13,N,,,,0.0,,54600.0,,,0.0,,,,E,,,"001",396,,S,,455.0,0.0,,,,,,2025-03-25 09:00:00.000,2026-04-25 11:47:00.000,2027-07-13 09:00:00.000,,,,49838
14,"00001425001",TTH1B85,2025-03-25,3000,09:00:00,"0  ",,,,,2027-06-26,09:00:00,117,L,455.0,,0.0,0.0,,0.0,0.0,,600.0,,0.0,,,,"","",,,,,,,N,1,0.0,AS,0.0,,,0,0,,,14,N,,,,0.0,,53495.0,,,0.0,,,,A,,,"001",823,,S,,455.0,0.0,,,,,,2025-03-25 09:00:00.000,,2027-06-26 09:00:00.000,,,,0
15,"00001525001",TUV0F35,2025-03-25,5000,09:00:00,"0  ",2025-09-03,49229,14:25:00,"0  ",2027-06-26,09:00:00,117,L,455.0,,0.0,0.0,,0.0,0.0,,600.0,,0.0,,,,"","",,,,,,,N,1,0.0,AS,0.0,,,0,0,,,15,N,,,,0.0,,53495.0,,,0.0,,,,E,,,"001",162,,S,,455.0,0.0,,,,,,2025-03-25 09:00:00.000,2025-09-03 14:25:00.000,2027-06-26 09:00:00.000,,,,44229
16,"00001625001",TTF3C22,2025-03-25,9422,09:00:00,"0  ",2025-07-02,25601,15:38:00,"0  ",2027-06-10,09:00:00,115,L,455.0,,0.0,0.0,,0.0,0.0,,600.0,,0.0,,,,"","",,,,,,,N,1,0.0,AS,0.0,,,0,0,,,16,N,,,,0.0,,52455.0,,,0.0,,,,E,,,"001",99,,S,,455.0,0.0,,,,,,2025-03-25 09:00:00.000,2025-07-02 15:38:00.000,2027-06-10 09:00:00.000,,,,16179
17,"00001725001",TTF3I06,2025-03-25,1,09:00:00,"0  ",2025-05-15,2220,10:00:00,"0  ",2025-05-14,09:00:00,7,L,455.0,,0.0,0.0,,0.0,0.0,,600.0,,0.0,,,,"","",,,,,,,N,1,0.0,AS,0.0,,,0,0,,,17,N,,,,0.0,,3250.0,,,0.0,,,,E,,,"001",51,,S,,455.0,0.0,,,P,0.0,,2025-03-25 09:00:00.000,2025-05-15 10:00:00.000,2025-05-14 09:00:00.000,,,,2219
18,"00001825001",TTE4F56,2025-03-25,4000,09:00:00,"0  ",2025-05-06,21464,12:00:00,"0  ",2027-06-17,09:00:00,116,L,455.0,,0.0,0.0,,0.0,0.0,,600.0,,0.0,,,,"","",,,,,,,N,1,0.0,AS,0.0,,,0,0,,,18,N,,,,0.0,,52910.0,,,0.0,,,,E,,,"001",42,,S,,455.0,0.0,,,,,,2025-03-25 09:00:00.000,2025-05-06 12:00:00.000,2027-06-17 09:00:00.000,,,,17464
19,"00001925001",TTF3I02,2025-03-25,4000,09:00:00,"0  ",2027-06-17,6800,09:30:00,"0  ",2027-06-17,09:00:00,116,L,455.0,,0.0,0.0,,0.0,0.0,,600.0,,0.0,,,,"","",,,,,,,N,1,0.0,AS,0.0,,,0,0,,,19,N,,,,0.0,,52910.0,,,0.0,,,,E,,,"001",814,,S,,455.0,0.0,,,,,,2025-03-25 09:00:00.000,2027-06-17 09:30:00.000,2027-06-17 09:00:00.000,,,,2800
20,"00002025001",TTF3I03,2025-03-25,6000,09:00:00,"0  ",,,,,2027-06-18,09:00:00,116,L,455.0,,0.0,0.0,,0.0,0.0,,600.0,,0.0,,,,"","",,,,,,,N,1,0.0,AS,0.0,,,0,0,,,20,N,,,,0.0,,52975.0,,,0.0,,,,A,,,"001",815,,S,,455.0,0.0,,,,,,2025-03-25 09:00:00.000,,2027-06-18 09:00:00.000,,,,0
21,"00002125001",TTH3B10,2025-03-25,3000,09:00:00,"0  ",,,,,2027-07-15,09:00:00,120,L,455.0,,0.0,0.0,,0.0,0.0,,600.0,,0.0,,,,"","",,,,,,,N,1,0.0,AS,0.0,,,0,0,,,21,N,,,,0.0,,54730.0,,,0.0,,,,A,,,"001",842,,S,,455.0,0.0,,,,,,2025-03-25 09:00:00.000,,2027-07-15 09:00:00.000,,,,0
22,"00002225001",SRZ8B84,2025-03-25,10000,09:00:00,"0  ",,,,,2027-03-24,09:00:00,104,L,400.0,,0.0,0.0,,0.0,0.0,,0.0,,0.0,,,,"","",,,,,,,N,1,0.0,AS,0.0,,,0,0,,,23,N,,,,0.0,,41657.14,,,0.0,,,,A,,,"001",729,,S,,400.0,0.0,,,P,0.0,,2025-03-25 09:00:00.000,,2027-03-24 09:00:00.000,,,,0
23,"00002325001",SRZ8B72,2025-03-25,10000,09:00:00,"0  ",2025-09-19,60000,10:10:00,"0  ",2026-09-30,09:00:00,79,L,455.0,,0.0,0.0,,0.0,0.0,,600.0,,0.0,,,,"","",,,,,,,N,1,0.0,AS,0.0,,,0,0,,,24,N,,,,0.0,,36010.0,,,0.0,,,,E,,,"001",178,,S,,455.0,0.0,,,,,,2025-03-25 09:00:00.000,2025-09-19 10:10:00.000,2026-09-30 09:00:00.000,,,,50000
24,"00002425001",TUD0E95,2025-03-25,17869,09:00:00,"0  ",2025-09-03,47379,13:54:00,"0  ",2027-05-31,09:00:00,113,L,455.0,,0.0,0.0,,0.0,0.0,,600.0,,0.0,,,,"","",,,,,,,N,1,0.0,AS,0.0,,,0,0,,,25,N,,,,0.0,,51805.0,,,0.0,,,,E,,,"001",162,,S,,455.0,0.0,,,,,,2025-03-25 09:00:00.000,2025-09-03 13:54:00.000,2027-05-31 09:00:00.000,,,,29510
25,"00002525001",TTE4A62,2025-03-25,9411,09:00:00,"0  ",,,,,2027-06-18,09:00:00,116,L,455.0,,0.0,0.0,,0.0,0.0,,600.0,,0.0,,,,"","",,,,,,,N,1,0.0,AS,0.0,,,0,0,,,26,N,,,,0.0,,52975.0,,,0.0,,,,A,,,"001",815,,S,,455.0,0.0,,,,,,2025-03-25 09:00:00.000,,2027-06-18 09:00:00.000,,,,0
26,"00002625001",TTM0E86,2025-03-25,4035,09:00:00,"0  ",2025-06-05,9124,21:00:00,"0  ",2027-06-07,09:00:00,114,L,455.0,,0.0,0.0,,0.0,0.0,,600.0,,0.0,,,,"","",,,,,3,,N,1,0.0,AS,0.0,,,0,0,,,27,N,,,,0.0,,52260.0,,,0.0,,,,E,,,"001",72,,S,,455.0,0.0,,,,,,2025-03-25 09:00:00.000,2025-06-05 21:00:00.000,2027-06-07 09:00:00.000,,,,5089
27,"00002725001",TTH2A01,2025-03-25,4400,09:00:00,"0  ",2025-05-06,8338,09:00:00,"0  ",2027-06-21,09:00:00,116,L,455.0,,0.0,0.0,,0.0,0.0,,600.0,,0.0,,,,"","",,,,,,,N,1,0.0,AS,0.0,,,0,0,,,28,N,,,,0.0,,53170.0,,,0.0,,,,E,,,"001",42,,S,,455.0,0.0,,,,,,2025-03-25 09:00:00.000,2025-05-06 09:00:00.000,2027-06-21 09:00:00.000,,,,3938
28,"00002825001",TUP0H36,2025-03-25,61,09:00:00,"0  ",,,,,2027-07-19,09:00:00,120,L,455.0,,0.0,0.0,,0.0,0.0,,600.0,,0.0,,,,"","",,,,,,,N,1,0.0,AS,0.0,,,0,0,,,29,N,,,,0.0,,54990.0,,,0.0,,,,A,,,"001",846,,S,,455.0,0.0,,,,,,2025-03-25 09:00:00.000,,2027-07-19 09:00:00.000,,,,0
29,"00002925001",TUV0I31,2025-03-26,10663,09:00:00,"0  ",2026-03-09,32308,11:32:00,"0  ",2027-07-26,09:00:00,121,L,455.0,,0.0,0.0,,0.0,0.0,,600.0,,0.0,,,,"","",,,,,,,N,1,0.0,AS,0.0,,,0,0,,,30,N,,,,0.0,,55380.0,,,0.0,,,,E,,,"001",348,,S,,455.0,0.0,,,,,,2025-03-26 09:00:00.000,2026-03-09 11:32:00.000,2027-07-26 09:00:00.000,,,,21645
30,"00003025001",TUW0I31,2025-03-26,1000,09:00:00,"0  ",2025-09-08,17143,15:53:00,"0  ",2027-07-26,09:00:00,121,L,455.0,,0.0,0.0,,0.0,0.0,,600.0,,0.0,,,,"","",,,,,,,N,1,0.0,AS,0.0,,,0,0,,,31,N,,,,0.0,,55380.0,,,0.0,,,,E,,,"001",166,,S,,455.0,0.0,,,,,,2025-03-26 09:00:00.000,2025-09-08 15:53:00.000,2027-07-26 09:00:00.000,,,,16143
31,"00003125001",TTU0I77,2025-03-28,1000,09:00:00,"0  ",,,,,2027-07-28,09:00:00,121,L,455.0,,0.0,0.0,,0.0,0.0,,600.0,,0.0,,,,"","",,,,,,,N,1,0.0,AS,0.0,,,0,0,,,32,N,,,,0.0,,55380.0,,,0.0,,,,A,,,"001",852,,S,,455.0,0.0,,,,,,2025-03-28 09:00:00.000,,2027-07-28 09:00:00.000,,,,0
32,"00003225001",TTE7E44,2025-03-31,100,09:00:00,"0  ",,,,,2027-07-31,09:00:00,121,L,455.0,,0.0,0.0,,0.0,0.0,,600.0,,0.0,,,,"","",,,,,,,N,1,0.0,AS,0.0,,,0,0,,,33,N,,,,0.0,,55380.0,,,0.0,,,,A,,,"001",852,,S,,455.0,0.0,,,,,,2025-03-31 09:00:00.000,,2027-07-31 09:00:00.000,,,,0
33,"00003325001",TTE7E41,2025-03-31,100,09:00:00,"0  ",,,,,2027-07-31,09:00:00,121,L,455.0,,0.0,0.0,,0.0,0.0,,600.0,,0.0,,,,"","",,,,,,,N,1,0.0,AS,0.0,,,0,0,,,34,N,,,,0.0,,55380.0,,,0.0,,,,A,,,"001",852,,S,,455.0,0.0,,,,,,2025-03-31 09:00:00.000,,2027-07-31 09:00:00.000,,,,0
34,"00003425001",TTG0B75,2025-03-25,5041,09:00:00,"0  ",2025-04-11,16000,17:00:00,"0  ",2027-01-24,09:00:00,95,L,455.0,,0.0,0.0,,0.0,0.0,,600.0,,0.0,,,,"","",,,,,,,N,1,0.0,AS,0.0,,,0,0,,,35,N,,,,0.0,,43550.0,,,0.0,,,,E,,,"001",17,,S,,455.0,0.0,,,,,,2025-03-25 09:00:00.000,2025-04-11 17:00:00.000,2027-01-24 09:00:00.000,,,,10959
35,"00003525001",TTI0B81,2025-03-25,10173,09:00:00,"0  ",2025-07-16,11000,12:41:00,"0  ",2027-01-23,09:00:00,95,L,455.0,,0.0,0.0,,0.0,0.0,,600.0,,0.0,,,,"","",,,,,,,N,1,0.0,AS,0.0,,,0,0,,,36,N,,,,0.0,,43485.0,,,0.0,,,,E,,,"001",113,,S,,455.0,0.0,,,,,,2025-03-25 09:00:00.000,2025-07-16 12:41:00.000,2027-01-23 09:00:00.000,,,,827
36,"00003625001",TTE0H04,2025-03-25,5000,09:00:00,"0  ",,,,,2027-01-25,09:00:00,95,L,455.0,,0.0,0.0,,0.0,0.0,,600.0,,0.0,,,,"","",,,,,,,N,1,0.0,AS,0.0,,,0,0,,,37,N,,,,0.0,,43615.0,,,0.0,,,,A,,,"001",671,,S,,455.0,0.0,,,,,,2025-03-25 09:00:00.000,,2027-01-25 09:00:00.000,,,,0
37,"00003725001",TTG5G18,2025-04-14,1,10:43:00,"0  ",2025-06-17,1,10:58:00,"0  ",2027-08-14,10:43:00,121,L,455.0,,0.0,0.0,,0.0,0.0,,600.0,,0.0,,,,"","",,,,,,,N,1,0.0,AS,0.0,,,0,0,,,38,N,,,,0.0,,55380.0,,,0.0,,,,E,,,"001",64,,S,,455.0,0.0,,,,,,2025-04-14 10:43:00.000,2025-06-17 10:58:00.000,2027-08-14 10:43:00.000,,,,0
38,"00003825001",TTX0I46,2025-04-15,16,09:00:00,"0  ",2025-09-25,17254,16:17:00,"0  ",2027-08-15,09:00:00,121,L,455.0,,0.0,0.0,,0.0,0.0,,600.0,,0.0,,,,"","",,,,,,,N,1,0.0,AS,0.0,,,0,0,,,39,N,,,,0.0,,55380.0,,,0.0,,,,E,,,"001",163,,S,,455.0,0.0,,,,,,2025-04-15 09:00:00.000,2025-09-25 16:17:00.000,2027-08-15 09:00:00.000,,,,17238
39,"00003925001",TTF8A61,2025-04-17,16,09:00:00,"0  ",,,,,2027-08-17,09:00:00,121,L,455.0,,0.0,0.0,,0.0,0.0,,600.0,,0.0,,,,"","",,,,,,,N,1,0.0,AS,0.0,,,0,0,,,40,N,,,,0.0,,55380.0,,,0.0,,,,C,,,"001",852,,S,,455.0,0.0,,,,,,2025-04-17 09:00:00.000,,2027-08-17 09:00:00.000,,,,0
40,"00004025001",TTE8E22,2025-04-17,1,09:48:00,"0  ",,,,,2027-08-17,09:48:00,121,L,455.0,,0.0,0.0,,0.0,0.0,,600.0,,0.0,,,,"","",,,,,,,N,1,0.0,AS,0.0,,,0,0,,,41,N,,,,0.0,,55380.0,,,0.0,,,,C,,,"001",852,,S,,455.0,0.0,,,,,,2025-04-17 09:48:00.000,,2027-08-17 09:48:00.000,,,,0
41,"00004125001",TTI5G99,2025-04-17,1,11:04:00,"0  ",,,,,2027-08-17,11:04:00,121,L,455.0,,0.0,0.0,,0.0,0.0,,600.0,,0.0,,,,"","",,,,,,,N,1,0.0,AS,0.0,,,0,0,,,42,N,,,,0.0,,55380.0,,,0.0,,,,C,,,"001",852,,S,,455.0,0.0,,,,,,2025-04-17 11:04:00.000,,2027-08-17 11:04:00.000,,,,0
42,"00004125001",TTF8A61,2025-04-17,1,12:22:00,"0  ",2025-04-28,2047,10:30:00,"0  ",2027-08-17,12:22:00,121,L,455.0,,0.0,0.0,,0.0,0.0,,600.0,,0.0,,,,"","",,,,,,,N,1,0.0,AS,0.0,,,0,0,,,42,N,,,,0.0,,55380.0,,,0.0,,,,E,,,"001",11,,S,,455.0,0.0,,,,,,2025-04-17 12:22:00.000,2025-04-28 10:30:00.000,2027-08-17 12:22:00.000,,,,2046
43,"00004225001",TTE8E22,2025-04-24,1,09:42:00,"0  ",2025-07-15,967,10:35:00,"0  ",2027-08-24,09:42:00,121,L,455.0,,0.0,0.0,,0.0,0.0,,600.0,,0.0,,,,"","",,,,,,,N,1,0.0,AS,0.0,,,0,0,,,43,N,,,,0.0,,55380.0,,,0.0,,,,E,,,"001",82,,S,,455.0,0.0,,,,,,2025-04-24 09:42:00.000,2025-07-15 10:35:00.000,2027-08-24 09:42:00.000,,,,966
44,"00004325001",TTI5G99,2025-04-24,1,15:17:00,"0  ",2025-08-12,10005,15:27:00,"0  ",2027-08-24,15:17:00,121,L,455.0,,0.0,0.0,,0.0,0.0,,600.0,,0.0,,,,"","",,,,,,,N,1,0.0,AS,0.0,,,0,0,,,44,N,,,,0.0,,55380.0,,,0.0,,,,E,,,"001",110,,S,,455.0,0.0,,,,,,2025-04-24 15:17:00.000,2025-08-12 15:27:00.000,2027-08-24 15:17:00.000,,,,10004
45,"00004425001",TTE9G97,2025-04-25,18,12:04:00,"0  ",,,,,2027-08-25,12:04:00,121,L,455.0,,0.0,0.0,,0.0,0.0,,600.0,,0.0,,,,"","",,,,,,,N,1,0.0,AS,0.0,,,0,0,,,45,N,,,,0.0,,55380.0,,,0.0,,,,C,,,"001",852,,S,,455.0,0.0,,,,,,2025-04-25 12:04:00.000,,2027-08-25 12:04:00.000,,,,0
46,"00004525001",TTW1A36,2025-04-25,1,16:16:00,"0  ",2025-07-30,11569,16:08:00,"0  ",2027-08-25,16:16:00,121,L,455.0,,0.0,0.0,,0.0,0.0,,600.0,,0.0,,,,"","",,,,,,,N,1,0.0,AS,0.0,,,0,0,,,46,N,,,,0.0,,55380.0,,,0.0,,,,E,,,"001",96,,S,,455.0,0.0,,,,,,2025-04-25 16:16:00.000,2025-07-30 16:08:00.000,2027-08-25 16:16:00.000,,,,11568
47,"00004625001",TTE9G97,2025-04-28,18,10:42:00,"0  ",2025-10-22,4897,15:09:00,"0  ",2027-08-28,10:42:00,121,L,455.0,,0.0,0.0,,0.0,0.0,,600.0,,0.0,,,,"","",,,,,,,N,1,0.0,AS,0.0,,,0,0,,,47,N,,,,0.0,,55380.0,,,0.0,,,,E,,,"001",177,,S,,455.0,0.0,,,,,,2025-04-28 10:42:00.000,2025-10-22 15:09:00.000,2027-08-28 10:42:00.000,,,,4879
48,"00004725001",TTF8A61,2025-04-29,2047,13:54:00,"0  ",,,,,2027-08-29,13:54:00,121,L,455.0,,0.0,0.0,,0.0,0.0,,600.0,,0.0,,,,"","",,,,,,,N,1,0.0,AS,0.0,,,0,0,,,48,N,,,,0.0,,55380.0,,,0.0,,,,C,,,"001",852,,S,,455.0,0.0,,,,,,2025-04-29 13:54:00.000,,2027-08-29 13:54:00.000,,,,0
49,"00004825001",TTI6C87,2025-04-30,1,15:12:00,"0  ",2025-05-19,5386,18:00:00,"0  ",2027-08-30,15:12:00,121,L,455.0,,0.0,0.0,,0.0,0.0,,600.0,,0.0,,,,"","",,,,,,,N,1,0.0,AS,0.0,,,0,0,,,49,N,,,,0.0,,55380.0,,,0.0,,,,E,,,"001",19,,S,,455.0,0.0,,,,,,2025-04-30 15:12:00.000,2025-05-19 18:00:00.000,2027-08-30 15:12:00.000,,,,5385
50,"00004925001",TTF8A61,2025-05-02,2047,11:09:00,"0  ",2025-06-16,4883,15:36:00,"0  ",2027-09-02,11:09:00,121,L,455.0,,0.0,0.0,,0.0,0.0,,600.0,,0.0,,,,"","",,,,,,,N,1,0.0,AS,0.0,,,0,0,,,50,N,,,,0.0,,55445.0,,,0.0,,,,E,,,"001",45,,S,,455.0,0.0,,,,,,2025-05-02 11:09:00.000,2025-06-16 15:36:00.000,2027-09-02 11:09:00.000,,,,2836
51,"00005025001",TTG0B75,2025-05-06,13951,09:00:00,"0  ",,,,,2027-09-06,09:00:00,121,L,455.0,,0.0,0.0,,0.0,0.0,,0.0,,0.0,,,,"","",,,,,,,N,1,0.0,AS,0.0,,,0,0,,,51,N,,,,0.0,,55445.0,,,0.0,,,,A,,,"001",853,,S,,455.0,0.0,,,,,,2025-05-06 09:00:00.000,,2027-09-06 09:00:00.000,,,,0
52,"00005125001",TTF3I02,2025-05-06,6800,10:00:00,"0  ",,,,,2027-09-06,10:00:00,121,L,455.0,,0.0,0.0,,0.0,0.0,,0.0,,0.0,,,,"","",,,,,,,N,1,0.0,AS,0.0,,,0,0,,,52,N,,,,0.0,,55445.0,,,0.0,,,,A,,,"001",853,,S,,455.0,0.0,,,,,,2025-05-06 10:00:00.000,,2027-09-06 10:00:00.000,,,,0
53,"00005225001",TTG7J25,2025-05-06,1,16:37:00,"0  ",2025-12-22,41938,10:21:00,"0  ",2027-09-06,16:37:00,121,L,455.0,,0.0,0.0,,0.0,0.0,,600.0,,0.0,,,,"","",,,,,,,N,1,0.0,AS,0.0,,,0,0,,,53,N,,,,0.0,,55445.0,,,0.0,,,,E,,,"001",230,,S,,455.0,0.0,,,P,,,2025-05-06 16:37:00.000,2025-12-22 10:21:00.000,2027-09-06 16:37:00.000,,,,41937
54,"00004725001",TTH2A01,2025-05-07,8338,09:52:00,"0  ",2025-11-24,52089,11:36:00,"0  ",2027-09-07,09:52:00,121,L,455.0,,0.0,0.0,,0.0,0.0,,600.0,,0.0,,,,"","",,,,,,,N,1,0.0,AS,0.0,,,0,0,,,48,N,,,,0.0,,55445.0,,,0.0,,,,E,,,"001",201,,S,,455.0,0.0,,,P,,,2025-05-07 09:52:00.000,2025-11-24 11:36:00.000,2027-09-07 09:52:00.000,,,,43751
55,"00005325001",TTE9E86,2025-05-07,1,12:43:00,"0  ",2026-06-02,66423,10:58:00,"0  ",2027-09-07,12:43:00,121,L,455.0,,0.0,0.0,,0.0,0.0,,600.0,,0.0,,,,"","",,,,,,,N,1,0.0,AS,0.0,,,0,0,,,54,N,,,,0.0,,55445.0,,,0.0,,,,E,,,"001",391,,S,,455.0,0.0,,,P,0.0,,2025-05-07 12:43:00.000,2026-06-02 10:58:00.000,2027-09-07 12:43:00.000,,,,66422
56,"00005425001",TUR0J96,2025-05-07,1,13:54:00,"0  ",,,,,2027-09-07,13:54:00,121,L,455.0,,0.0,0.0,,0.0,0.0,,600.0,,0.0,,,,"","",,,,,,,N,1,0.0,AS,0.0,,,0,0,,,55,N,,,,0.0,,55445.0,,,0.0,,,,A,,,"001",853,,S,,455.0,0.0,,,P,0.0,,2025-05-07 13:54:00.000,,2027-09-07 13:54:00.000,,,,0
57,"00005525001",TTH7G78,2025-05-08,1,10:58:00,"0  ",2025-12-09,22104,13:43:00,"0  ",2027-09-08,10:58:00,121,L,455.0,,0.0,0.0,,0.0,0.0,,600.0,,0.0,,,,"","",,,,,,,N,1,0.0,AS,0.0,,,0,0,,,56,N,,,,0.0,,55445.0,,,0.0,,,,E,,,"001",215,,S,,455.0,0.0,,,P,0.0,,2025-05-08 10:58:00.000,2025-12-09 13:43:00.000,2027-09-08 10:58:00.000,,,,22103
58,"00005625001",TUV1B48,2025-05-08,1,15:18:00,"0  ",2025-06-23,3057,15:49:00,"0  ",2027-09-08,15:18:00,121,L,455.0,,0.0,0.0,,0.0,0.0,,600.0,,0.0,,,,"","",,,,,,,N,1,0.0,AS,0.0,,,0,0,,,57,N,,,,0.0,,55445.0,,,0.0,,,,E,,,"001",46,,S,,455.0,0.0,,,P,0.0,,2025-05-08 15:18:00.000,2025-06-23 15:49:00.000,2027-09-08 15:18:00.000,,,,3056
59,"00005725001",TTG7I14,2025-05-12,1,10:21:00,"0  ",2025-10-30,23880,15:54:00,"0  ",2027-09-12,10:21:00,121,L,455.0,,0.0,0.0,,0.0,0.0,,600.0,,0.0,,,,"","",,,,,,,N,1,0.0,AS,0.0,,,0,0,,,58,N,,,,0.0,,55445.0,,,0.0,,,,E,,,"001",171,,S,,455.0,0.0,,,P,0.0,,2025-05-12 10:21:00.000,2025-10-30 15:54:00.000,2027-09-12 10:21:00.000,,,,23879
60,"00005825001",TTE4F56,2025-05-14,21464,13:06:00,"0  ",2025-07-30,21464,15:39:00,"0  ",2027-09-14,13:06:00,121,L,455.0,,0.0,0.0,,0.0,0.0,,600.0,,0.0,,,,"","",,,,,,,N,1,0.0,AS,0.0,,,0,0,,,59,N,,,,0.0,,55445.0,,,0.0,,,,E,,,"001",77,,S,,455.0,0.0,,,P,0.0,,2025-05-14 13:06:00.000,2025-07-30 15:39:00.000,2027-09-14 13:06:00.000,,,,0
61,"00005925001",TUN1B80,2025-05-22,1,11:05:00,"0  ",,,,,2027-09-29,11:05:00,122,L,455.0,,0.0,0.0,,0.0,0.0,,600.0,,0.0,,,,"","",,,,,,,N,1,0.0,AS,0.0,,,0,0,,,60,N,,,,0.0,,55900.0,,,0.0,,,,A,,,"001",860,,S,,455.0,0.0,,,P,0.0,,2025-05-22 11:05:00.000,,2027-09-29 11:05:00.000,,,,0
62,"00006025001",TTJ2I19,2025-05-22,1,16:42:00,"0  ",2025-08-25,1,10:19:00,"0  ",2027-09-22,16:42:00,121,L,455.0,,0.0,0.0,,0.0,0.0,,600.0,,0.0,,,,"","",,,,,,,N,1,0.0,AS,0.0,,,0,0,,,61,N,,,,0.0,,55445.0,,,0.0,,,,E,,,"001",95,,S,,455.0,0.0,,,P,0.0,,2025-05-22 16:42:00.000,2025-08-25 10:19:00.000,2027-09-22 16:42:00.000,,,,0
63,"00006125001",TTD5E90,2025-05-23,1,15:20:00,"0  ",2025-07-29,6000,09:00:00,"0  ",2027-09-23,15:20:00,121,L,455.0,,0.0,0.0,,0.0,0.0,,600.0,,0.0,,,,"","",,,,,,,N,1,0.0,AS,0.0,,,0,0,,,62,N,,,,0.0,,55445.0,,,0.0,,,,E,,,"001",67,,S,,455.0,0.0,,,P,0.0,,2025-05-23 15:20:00.000,2025-07-29 09:00:00.000,2027-09-23 15:20:00.000,,,,5999
64,"00006225001",TTF3I06,2025-05-26,2500,10:57:00,"0  ",2026-04-28,27609,10:09:00,"0  ",2027-09-26,10:57:00,121,L,455.0,,0.0,0.0,,0.0,0.0,,600.0,,0.0,,,,"","",,,,,,,N,1,0.0,AS,0.0,,,0,0,,,63,N,,,,0.0,,55445.0,,,0.0,,,,E,,,"001",337,,S,,455.0,0.0,,,P,0.0,,2025-05-26 10:57:00.000,2026-04-28 10:09:00.000,2027-09-26 10:57:00.000,,,,25109
65,"00006325001",TTI6C87,2025-05-26,1,15:43:00,"0  ",2025-07-08,5000,15:03:00,"0  ",2027-09-26,15:43:00,121,L,455.0,,0.0,0.0,,0.0,0.0,,600.0,,0.0,,,,"","",,,,,,,N,1,0.0,AS,0.0,,,0,0,,,64,N,,,,0.0,,55445.0,,,0.0,,,,E,,,"001",43,,S,,455.0,0.0,,,P,0.0,,2025-05-26 15:43:00.000,2025-07-08 15:03:00.000,2027-09-26 15:43:00.000,,,,4999
66,"00006425001",TTJ4H74,2025-06-05,1,14:09:00,"0  ",,,,,2027-10-05,14:09:00,121,L,455.0,,0.0,0.0,,0.0,0.0,,600.0,,0.0,,,,"","",,,,,,,N,1,0.0,AS,0.0,,,0,0,,,65,N,,,,0.0,,55380.0,,,0.0,,,,A,,,"001",852,,S,,455.0,0.0,,,P,0.0,,2025-06-05 14:09:00.000,,2027-10-05 14:09:00.000,,,,0
68,"00006525001",TTM2I45,2025-06-12,1,11:08:00,"0  ",2025-07-30,2000,10:31:00,"0  ",2025-06-19,11:08:00,121,L,455.0,,0.0,0.0,,0.0,0.0,,600.0,,0.0,,,,"","",,,,,,,N,1,0.0,AS,0.0,,,0,0,,,66,N,,,,0.0,,55380.0,,,0.0,,,,E,,,"001",48,,S,,455.0,0.0,,,P,0.0,,2025-06-12 11:08:00.000,2025-07-30 10:31:00.000,2025-06-19 11:08:00.000,,,,1999
67,"00002625001",TTR0H12,2025-06-11,6680,11:30:00,"0  ",,,,,2027-06-15,09:00:00,104,L,455.0,,0.0,0.0,,0.0,0.0,,600.0,,0.0,,,,"","",,,,,,,N,1,0.0,AS,0.0,,,0,0,,,27,N,,,,0.0,,47710.0,,,0.0,,,,A,,,"001",734,26,S,,455.0,0.0,,,P,0.0,,2025-06-11 11:30:00.000,,2027-06-15 09:00:00.000,,,,0
69,"00006625001",TTL2J87,2025-06-12,1,15:04:00,"0  ",2026-06-15,55471,13:22:00,"0  ",2027-10-12,15:04:00,121,L,455.0,,0.0,0.0,,0.0,0.0,,600.0,,0.0,,,,"","",,,,,,,N,1,0.0,AS,0.0,,,0,0,,,67,N,,,,0.0,,55380.0,,,0.0,,,,E,,,"001",368,,S,,455.0,0.0,,,P,0.0,,2025-06-12 15:04:00.000,2026-06-15 13:22:00.000,2027-10-12 15:04:00.000,,,,55470
70,"00006725001",TTF8A61,2025-06-18,4883,10:13:00,"0  ",,,,,2027-10-18,10:13:00,121,L,455.0,,0.0,0.0,,0.0,0.0,,600.0,,0.0,,,,"","",,,,,,,N,1,0.0,AS,0.0,,,0,0,,,68,N,,,,0.0,,55380.0,,,0.0,,,,A,,,"001",852,,S,,455.0,0.0,,,P,0.0,,2025-06-18 10:13:00.000,,2027-10-18 10:13:00.000,,,,0
71,"00006825001",TTF3C23,2025-06-24,23015,16:32:00,"0  ",,,,,2027-10-24,16:32:00,121,L,455.0,,0.0,0.0,,0.0,0.0,,600.0,,0.0,,,,"","",,,,,,,N,1,0.0,AS,0.0,,,0,0,,,69,N,,,,0.0,,55380.0,,,0.0,,,,A,,,"001",852,,S,,455.0,0.0,,,P,0.0,,2025-06-24 16:32:00.000,,2027-10-24 16:32:00.000,,,,0
72,"00006925001",TTC6A43,2025-07-15,1,14:05:00,"0  ",2026-03-16,32197,12:34:00,"0  ",2027-11-15,14:05:00,121,L,455.0,,0.0,0.0,,0.0,0.0,,600.0,,0.0,,,,"","",,,,,,,N,1,0.0,AS,0.0,,,0,0,,,70,N,,,,0.0,,55445.0,,,0.0,,,,E,,,"001",244,,S,,455.0,0.0,,,P,0.0,,2025-07-15 14:05:00.000,2026-03-16 12:34:00.000,2027-11-15 14:05:00.000,,,,32196
73,"00007025001",TTL4D14,2025-07-07,1,15:25:00,"0  ",2026-04-02,41316,16:26:00,"0  ",2027-11-07,15:25:00,121,L,455.0,,0.0,0.0,,0.0,0.0,,600.0,,0.0,,,,"","",,,,,,,N,1,0.0,AS,0.0,,,0,0,,,71,N,,,,0.0,,55445.0,,,0.0,,,,E,,,"001",269,,S,,455.0,0.0,,,P,0.0,,2025-07-07 15:25:00.000,2026-04-02 16:26:00.000,2027-11-07 15:25:00.000,,,,41315
74,"00007125001",TUW1G95,2025-07-19,1,11:28:00,"0  ",2025-11-02,6214,09:48:00,"0  ",2027-11-19,16:04:00,121,L,455.0,,0.0,0.0,,0.0,0.0,,600.0,,0.0,,,,"","",,,,,,,N,1,0.0,AS,0.0,,,0,0,,,72,N,,,,0.0,,55445.0,,,0.0,,,,E,,,"001",106,,S,,455.0,0.0,,,P,0.0,,2025-07-19 11:28:00.000,2025-11-02 09:48:00.000,2027-11-19 16:04:00.000,,,,6213
75,"00007225001",TTG5G18,2025-07-15,1,12:21:00,"0  ",2025-09-23,31430,16:37:00,"0  ",2027-11-09,12:21:00,121,L,455.0,,0.0,0.0,,0.0,0.0,,0.0,,0.0,,,,"","",,,,,,,N,1,0.0,AS,0.0,,,0,0,,,73,N,,,,0.0,,55055.0,,,0.0,,,,E,,,"001",70,,S,,0.0,0.0,,,P,0.0,,2025-07-15 12:21:00.000,2025-09-23 16:37:00.000,2027-11-09 12:21:00.000,,,,31429
76,"00007325001",TTS0B67,2025-07-18,30051,14:44:00,"0  ",,,,,2027-11-18,14:44:00,121,L,400.0,,0.0,0.0,,0.0,0.0,,600.0,,0.0,,,,"","",,,,,,,N,1,0.0,AS,0.0,,,0,0,,,74,N,,,,0.0,,48742.84,,,0.0,,,,A,,,"001",853,,S,,400.0,0.0,,,P,0.0,,2025-07-18 14:44:00.000,,2027-11-18 14:44:00.000,,,,0
77,"00007425001",TTS1G72,2025-07-11,1,16:16:00,"0  ",,,,,2027-11-11,16:16:00,121,L,455.0,,0.0,0.0,,0.0,0.0,,600.0,,0.0,,,,"","",,,,,,,N,1,0.0,AS,0.0,,,0,0,,,75,N,,,,0.0,,55445.0,,,0.0,,,,A,,,"001",853,,S,,455.0,0.0,,,P,0.0,,2025-07-11 16:16:00.000,,2027-11-11 16:16:00.000,,,,0
78,"00007525001",TTM2I45,2025-07-30,2000,10:39:00,"0  ",,,,,2027-11-30,10:39:00,121,L,455.0,,0.0,0.0,,0.0,0.0,,600.0,,0.0,,,,"","",,,,,,,N,1,0.0,AS,0.0,,,0,0,,,76,N,,,,0.0,,55445.0,,,0.0,,,,A,,,"001",853,,S,,455.0,0.0,,,P,0.0,,2025-07-30 10:39:00.000,,2027-11-30 10:39:00.000,,,,0
79,"00007625001",TUA1I30,2025-08-01,1,09:27:00,"0  ",2026-02-10,2,10:53:00,"0  ",2027-12-01,09:27:00,121,L,455.0,,0.0,0.0,,0.0,0.0,,600.0,,0.0,,,,"","",,,,,,,N,1,0.0,AS,0.0,,,0,0,,,77,N,,,,0.0,,55380.0,,,0.0,,,,E,,,"001",193,,S,,455.0,0.0,,,P,0.0,,2025-08-01 09:27:00.000,2026-02-10 10:53:00.000,2027-12-01 09:27:00.000,,,,1
80,"00007725001",TTI0B81,2025-08-05,11000,12:46:00,"0  ",2025-08-06,11000,11:34:00,"0  ",2027-12-05,12:46:00,121,L,400.0,,0.0,0.0,,0.0,0.0,,600.0,,0.0,,,,"","",,,,,,,N,1,0.0,AS,0.0,,,0,0,,,78,N,,,,0.0,,48685.7,,,0.0,,,,E,,,"001",1,,S,,400.0,0.0,,,P,0.0,,2025-08-05 12:46:00.000,2025-08-06 11:34:00.000,2027-12-05 12:46:00.000,,,,0
81,"00007825001",TTW1A36,2025-08-05,11569,16:05:00,"0  ",2025-08-12,12500,16:48:00,"0  ",2027-12-05,16:05:00,121,L,455.0,,0.0,0.0,,0.0,0.0,,600.0,,0.0,,,,"","",,,,,,,N,1,0.0,AS,0.0,,,0,0,,,79,N,,,,0.0,,55380.0,,,0.0,,,,E,,,"001",7,,S,,455.0,0.0,,,P,0.0,,2025-08-05 16:05:00.000,2025-08-12 16:48:00.000,2027-12-05 16:05:00.000,,,,931
82,"00007925001",TTI0B81,2025-08-06,11000,11:42:00,"0  ",2026-02-04,47910,13:50:00,"0  ",2027-12-06,11:42:00,121,L,400.0,,0.0,0.0,,0.0,0.0,,600.0,,0.0,,,,"","",,,,,,,N,1,0.0,AS,0.0,,,0,0,,,80,N,,,,0.0,,48685.7,,,0.0,,,,E,,,"001",182,,S,,400.0,0.0,,,P,0.0,,2025-08-06 11:42:00.000,2026-02-04 13:50:00.000,2027-12-06 11:42:00.000,,,,36910
83,"00008025001",TTL5C99,2025-07-10,1,15:53:00,"0  ",,,,,2027-09-10,15:53:00,113,L,455.0,,0.0,0.0,,0.0,0.0,,600.0,,0.0,,,,"","",,,,,,,N,1,0.0,AS,0.0,,,0,0,,,81,N,,,,0.0,,51480.0,,,0.0,,,,A,,,"001",792,,S,,455.0,0.0,,,P,0.0,,2025-07-10 15:53:00.000,,2027-09-10 15:53:00.000,,,,0
84,"00008125001",TUE1H61,2025-08-07,1,11:43:00,"0  ",2026-04-22,3487,10:43:00,"0  ",2027-12-07,11:43:00,121,L,455.0,,0.0,0.0,,0.0,0.0,,600.0,,0.0,,,,"","",,,,,,,N,1,0.0,AS,0.0,,,0,0,,,82,N,,,,0.0,,55380.0,,,0.0,,,,E,,,"001",258,,S,,455.0,0.0,,,P,0.0,,2025-08-07 11:43:00.000,2026-04-22 10:43:00.000,2027-12-07 11:43:00.000,,,,3486
85,"00008225001",TTD5E90,2025-08-11,6000,10:28:00,"0  ",,,,,2027-12-11,10:28:00,121,L,455.0,,0.0,0.0,,0.0,0.0,,600.0,,0.0,,,,"","",,,,,,,N,1,0.0,AS,0.0,,,0,0,,,83,N,,,,0.0,,55380.0,,,0.0,,,,A,,,"001",852,,S,,455.0,0.0,,,P,0.0,,2025-08-11 10:28:00.000,,2027-12-11 10:28:00.000,,,,0
86,"00008325001",TTI6C87,2025-08-11,5000,15:22:00,"0  ",2025-09-08,19290,16:21:00,"0  ",2027-12-06,15:22:00,121,L,455.0,,0.0,0.0,,0.0,0.0,,600.0,,0.0,,,,"","",,,,,,,N,1,0.0,AS,0.0,,,0,0,,,84,N,,,,0.0,,55055.0,,,0.0,,,,E,,,"001",28,,S,,455.0,0.0,,,P,0.0,,2025-08-11 15:22:00.000,2025-09-08 16:21:00.000,2027-12-06 15:22:00.000,,,,14290
87,"00008425001",TTE8E22,2025-08-15,967,09:08:00,"0  ",2025-08-15,967,12:01:00,"0  ",2027-12-15,09:08:00,121,L,455.0,,0.0,0.0,,0.0,0.0,,600.0,,0.0,,,,"","",,,,,,,N,1,0.0,AS,0.0,,,0,0,,,85,N,,,,0.0,,55380.0,,,0.0,,,,E,,,"001",0,,S,,455.0,0.0,,,P,0.0,,2025-08-15 09:08:00.000,2025-08-15 12:01:00.000,2027-12-15 09:08:00.000,,,,0
88,"00008525001",TTE8E22,2025-08-15,967,15:08:00,"0  ",2025-08-18,967,13:04:00,"0  ",2027-12-15,15:08:00,121,L,455.0,,0.0,0.0,,0.0,0.0,,600.0,,0.0,,,,"","",,,,,,,N,1,0.0,AS,0.0,,,0,0,,,86,N,,,,0.0,,55380.0,,,0.0,,,,E,,,"001",3,,S,,455.0,0.0,,,P,0.0,,2025-08-15 15:08:00.000,2025-08-18 13:04:00.000,2027-12-15 15:08:00.000,,,,0
89,"00008625001",TTI5G99,2025-08-18,10005,10:38:00,"0  ",2025-08-18,10005,11:28:00,"0  ",2027-12-18,10:38:00,121,L,455.0,,0.0,0.0,,0.0,0.0,,600.0,,0.0,,,,"","",,,,,,,N,1,0.0,AS,0.0,,,0,0,,,87,N,,,,0.0,,55380.0,,,0.0,,,,E,,,"001",0,,S,,455.0,0.0,,,P,0.0,,2025-08-18 10:38:00.000,2025-08-18 11:28:00.000,2027-12-18 10:38:00.000,,,,0
90,"00008725001",TTW1A36,2025-08-18,12500,11:31:00,"0  ",2025-10-01,22005,10:49:00,"0  ",2027-12-18,11:31:00,121,L,455.0,,0.0,0.0,,0.0,0.0,,600.0,,0.0,,,,"","",,,,,,,N,1,0.0,AS,0.0,,,0,0,,,88,N,,,,0.0,,55380.0,,,0.0,,,,E,,,"001",44,,S,,455.0,0.0,,,P,0.0,,2025-08-18 11:31:00.000,2025-10-01 10:49:00.000,2027-12-18 11:31:00.000,,,,9505
91,"00008825001",TTI5G99,2025-08-18,10005,13:10:00,"0  ",2026-04-28,53416,17:18:00,"0  ",2027-12-18,13:10:00,121,L,455.0,,0.0,0.0,,0.0,0.0,,600.0,,0.0,,,,"","",,,,,,,N,1,0.0,AS,0.0,,,0,0,,,89,N,,,,0.0,,55380.0,,,0.0,,,,E,,,"001",253,,S,,455.0,0.0,,,P,0.0,,2025-08-18 13:10:00.000,2026-04-28 17:18:00.000,2027-12-18 13:10:00.000,,,,43411
92,"00008925001",TTJ9C86,2025-08-18,1,13:46:00,"0  ",,,,,2027-12-18,13:46:00,121,L,455.0,,0.0,0.0,,0.0,0.0,,600.0,,0.0,,,,"","",,,,,,,N,1,0.0,AS,0.0,,,0,0,,,90,N,,,,0.0,,55380.0,,,0.0,,,,A,,,"001",852,,S,,455.0,0.0,,,P,0.0,,2025-08-18 13:46:00.000,,2027-12-18 13:46:00.000,,,,0
93,"00009025001",TTK8B50,2025-08-19,1,11:40:00,"0  ",2026-05-21,29582,13:06:00,"0  ",2027-12-19,11:40:00,121,L,455.0,,0.0,0.0,,0.0,0.0,,600.0,,0.0,,,,"","",,,,,,,N,1,0.0,AS,0.0,,,0,0,,,91,N,,,,0.0,,55380.0,,,0.0,,,,E,,,"001",275,,S,,455.0,0.0,,,P,0.0,,2025-08-19 11:40:00.000,2026-05-21 13:06:00.000,2027-12-19 11:40:00.000,,,,29581
94,"00009125001",TTO4C70,2025-08-29,1,13:16:00,"0  ",,,,,2027-12-24,13:16:00,121,L,455.0,,0.0,0.0,,0.0,0.0,,600.0,,0.0,,,,"","",,,,,,,N,1,0.0,AS,0.0,,,0,0,,,92,N,,,,0.0,,55250.0,,,0.0,,,,A,,,"001",847,,S,,455.0,0.0,,,P,0.0,,2025-08-29 13:16:00.000,,2027-12-24 13:16:00.000,,,,0
95,"00009225001",TUK2B08,2025-08-29,1,13:53:00,"0  ",2025-12-05,12755,17:11:00,"0  ",2027-12-24,13:53:00,121,L,455.0,,0.0,0.0,,0.0,0.0,,600.0,,0.0,,,,"","",,,,,,,N,1,0.0,AS,0.0,,,0,0,,,93,N,,,,0.0,,55250.0,,,0.0,,,,E,,,"001",98,,S,,455.0,0.0,,,P,0.0,,2025-08-29 13:53:00.000,2025-12-05 17:11:00.000,2027-12-24 13:53:00.000,,,,12754
96,"00009325001",TUI2B15,2025-09-01,1,15:52:00,"0  ",2025-09-12,1985,16:23:00,"0  ",2028-01-01,15:52:00,121,L,455.0,,0.0,0.0,,0.0,0.0,,600.0,,0.0,,,,"","",,,,,,,N,1,0.0,AS,0.0,,,0,0,,,94,N,,,,0.0,,55380.0,,,0.0,,,,E,,,"001",11,,S,,455.0,0.0,,,P,0.0,,2025-09-01 15:52:00.000,2025-09-12 16:23:00.000,2028-01-01 15:52:00.000,,,,1984
97,"00009425001",TTM9J84,2025-09-03,1,13:50:00,"0  ",2026-04-07,30916,13:57:00,"0  ",2028-01-03,13:50:00,121,L,455.0,,0.0,0.0,,0.0,0.0,,600.0,,0.0,,,,"","",,,,,,,N,1,0.0,AS,0.0,,,0,0,,,95,N,,,,0.0,,55380.0,,,0.0,,,,E,,,"001",216,,S,,455.0,0.0,,,P,0.0,,2025-09-03 13:50:00.000,2026-04-07 13:57:00.000,2028-01-03 13:50:00.000,,,,30915
98,"00009525001",TTN9H02,2025-09-05,1,09:22:00,"0  ",2026-01-30,30568,12:21:00,"0  ",2028-01-05,09:22:00,121,L,455.0,,0.0,0.0,,0.0,0.0,,600.0,,0.0,,,,"","",,,,,,,N,1,0.0,AS,0.0,,,0,0,,,96,N,,,,0.0,,55380.0,,,0.0,,,,E,,,"001",147,,S,,455.0,0.0,,,P,0.0,,2025-09-05 09:22:00.000,2026-01-30 12:21:00.000,2028-01-05 09:22:00.000,,,,30567
99,"00009625001",TTO4I26,2025-09-05,1,11:48:00,"0  ",,,,,2025-09-12,11:48:00,121,L,455.0,,0.0,0.0,,0.0,0.0,,600.0,,0.0,,,,"","",,,,,,,N,1,0.0,AS,0.0,,,0,0,,,97,N,,,,0.0,,55380.0,,,0.0,,,,C,,,"001",7,,S,,455.0,0.0,,,P,0.0,,2025-09-05 11:48:00.000,,2025-09-12 11:48:00.000,,,,0
100,"00009625001",TTO4C77,2025-09-05,1,11:57:00,"0  ",2025-12-05,13384,15:10:00,"0  ",2028-01-05,11:57:00,121,L,455.0,,0.0,0.0,,0.0,0.0,,600.0,,0.0,,,,"","",,,,,,,N,1,0.0,AS,0.0,,,0,0,,,97,N,,,,0.0,,55380.0,,,0.0,,,,E,,,"001",91,,S,,455.0,0.0,,, ,0.0,,2025-09-05 11:57:00.000,2025-12-05 15:10:00.000,2028-01-05 11:57:00.000,,,,13383
101,"00009725001",TTL9J66,2025-09-06,1,08:07:00,"0  ",2025-12-05,14311,13:07:00,"0  ",2028-01-06,08:07:00,121,L,455.0,,0.0,0.0,,0.0,0.0,,600.0,,0.0,,,,"","",,,,,,,N,1,0.0,AS,0.0,,,0,0,,,98,N,,,,0.0,,55380.0,,,0.0,,,,E,,,"001",90,,S,,455.0,0.0,,,P,0.0,,2025-09-06 08:07:00.000,2025-12-05 13:07:00.000,2028-01-06 08:07:00.000,,,,14310
102,"00009825001",TTO4I26,2025-09-08,1,09:41:00,"0  ",2025-10-03,2518,13:43:00,"0  ",2028-01-08,09:41:00,121,L,455.0,,0.0,0.0,,0.0,0.0,,600.0,,0.0,,,,"","",,,,,,,N,1,0.0,AS,0.0,,,0,0,,,99,N,,,,0.0,,55380.0,,,0.0,,,,E,,,"001",25,,S,,455.0,0.0,,,P,0.0,,2025-09-08 09:41:00.000,2025-10-03 13:43:00.000,2028-01-08 09:41:00.000,,,,2517
103,"00009925001",TTI6C87,2025-09-08,19290,16:27:00,"0  ",,,,,2027-11-08,16:27:00,113,L,455.0,,0.0,0.0,,0.0,0.0,,0.0,,0.0,,,,"","",,,,,,,N,1,0.0,AS,0.0,,,0,0,,,100,N,,,,0.0,,51415.0,,,0.0,,,,A,,,"001",791,,S,,455.0,0.0,,,P,0.0,,2025-09-08 16:27:00.000,,2027-11-08 16:27:00.000,,,,0
104,"00010025001",TUL2A43,2025-09-10,1,09:12:00,"0  ",,,,,2028-01-10,09:12:00,121,L,455.0,,0.0,0.0,,0.0,0.0,,600.0,,0.0,,,,"","",,,,,,,N,1,0.0,AS,0.0,,,0,0,,,101,N,,,,0.0,,55380.0,,,0.0,,,,A,,,"001",852,,S,,455.0,0.0,,,P,0.0,,2025-09-10 09:12:00.000,,2028-01-10 09:12:00.000,,,,0
105,"00010125001",TTL9I22,2025-09-11,1,12:19:00,"0  ",2025-10-01,2195,12:40:00,"0  ",2028-01-11,12:19:00,121,L,455.0,,0.0,0.0,,0.0,0.0,,600.0,,0.0,,,,"","",,,,,,,N,1,0.0,AS,0.0,,,0,0,,,102,N,,,,0.0,,55380.0,,,0.0,,,,E,,,"001",20,,S,,455.0,0.0,,,P,0.0,,2025-09-11 12:19:00.000,2025-10-01 12:40:00.000,2028-01-11 12:19:00.000,,,,2194
106,"00010225001",TUN2A80,2025-09-11,1,14:15:00,"0  ",2025-11-05,3825,17:18:00,"0  ",2028-01-11,14:15:00,121,L,455.0,,0.0,0.0,,0.0,0.0,,600.0,,0.0,,,,"","",,,,,,,N,1,0.0,AS,0.0,,,0,0,,,103,N,,,,0.0,,55380.0,,,0.0,,,,E,,,"001",55,,S,,455.0,0.0,,,P,0.0,,2025-09-11 14:15:00.000,2025-11-05 17:18:00.000,2028-01-11 14:15:00.000,,,,3824
107,"00010325001",TTZ2B12,2025-09-15,1,09:52:00,"0  ",,,,,2028-01-15,09:52:00,121,L,455.0,,0.0,0.0,,0.0,0.0,,600.0,,0.0,,,,"","",,,,,,,N,1,0.0,AS,0.0,,,0,0,,,104,N,,,,0.0,,55380.0,,,0.0,,,,A,,,"001",852,,S,,455.0,0.0,,,P,0.0,,2025-09-15 09:52:00.000,,2028-01-15 09:52:00.000,,,,0
108,"00010425001",TUH2B43,2025-09-16,1,16:34:00,"0  ",2026-06-19,61380,15:29:00,"0  ",2028-01-16,16:34:00,121,L,455.0,,0.0,0.0,,0.0,0.0,,600.0,,0.0,,,,"","",,,,,,,N,1,0.0,AS,0.0,,,0,0,,,105,N,,,,0.0,,55380.0,,,0.0,,,,E,,,"001",276,,S,,455.0,0.0,,,P,0.0,,2025-09-16 16:34:00.000,2026-06-19 15:29:00.000,2028-01-16 16:34:00.000,,,,61379
109,"00010525001",TTL9I21,2025-09-16,1,16:09:00,"0  ",,,,,2028-01-16,16:09:00,121,L,455.0,,0.0,0.0,,0.0,0.0,,600.0,,0.0,,,,"","",,,,,,,N,1,0.0,AS,0.0,,,0,0,,,106,N,,,,0.0,,55380.0,,,0.0,,,,A,,,"001",852,,S,,455.0,0.0,,,P,0.0,,2025-09-16 16:09:00.000,,2028-01-16 16:09:00.000,,,,0
110,"00010625001",TTT2B76,2025-09-17,1,15:13:00,"0  ",,,,,2028-01-17,15:13:00,121,L,455.0,,0.0,0.0,,0.0,0.0,,600.0,,0.0,,,,"","",,,,,,,N,1,0.0,AS,0.0,,,0,0,,,107,N,,,,0.0,,55380.0,,,0.0,,,,A,,,"001",852,,S,,455.0,0.0,,,P,0.0,,2025-09-17 15:13:00.000,,2028-01-17 15:13:00.000,,,,0
111,"00010725001",TTM9J85,2025-09-17,1,15:45:00,"0  ",,,,,2028-01-17,15:45:00,121,L,455.0,,0.0,0.0,,0.0,0.0,,600.0,,0.0,,,,"","",,,,,,,N,1,0.0,AS,0.0,,,0,0,,,108,N,,,,0.0,,55380.0,,,0.0,,,,A,,,"001",852,,S,,455.0,0.0,,,P,0.0,,2025-09-17 15:45:00.000,,2028-01-17 15:45:00.000,,,,0
112,"00010825001",TUI2B15,2025-09-18,1985,09:16:00,"0  ",2025-11-17,12800,13:00:00,"0  ",2028-01-18,09:16:00,121,L,455.0,,0.0,0.0,,0.0,0.0,,600.0,,0.0,,,,"","",,,,,,,N,1,0.0,AS,0.0,,,0,0,,,109,N,,,,0.0,,55380.0,,,0.0,,,,E,,,"001",60,,S,,455.0,0.0,,,P,0.0,,2025-09-18 09:16:00.000,2025-11-17 13:00:00.000,2028-01-18 09:16:00.000,,,,10815
113,"00010925001",TTJ2I19,2025-09-18,9753,11:22:00,"0  ",,,,,2025-09-25,11:22:00,121,L,455.0,,0.0,0.0,,0.0,0.0,,600.0,,0.0,,,,"","",,,,,,,N,1,0.0,AS,0.0,,,0,0,,,110,N,,,,0.0,,55380.0,,,0.0,,,,A,,,"001",7,,S,,455.0,0.0,,,P,0.0,,2025-09-18 11:22:00.000,,2025-09-25 11:22:00.000,,,,0
114,"00011025001",TTE4F56,2025-09-18,21464,12:34:00,"0  ",2026-04-13,21464,10:39:00,"0  ",2028-01-18,12:34:00,121,L,400.0,,0.0,0.0,,0.0,0.0,,600.0,,0.0,,,,"","",,,,,,,N,1,0.0,AS,0.0,,,0,0,,,111,N,,,,0.0,,48685.7,,,0.0,,,,E,,,"001",207,,S,,400.0,0.0,,,P,0.0,,2025-09-18 12:34:00.000,2026-04-13 10:39:00.000,2028-01-18 12:34:00.000,,,,0
115,"00011125001",TTE6H33,2025-09-19,12888,11:39:00,"0  ",2025-10-07,15294,17:08:00,"0  ",2028-01-19,11:39:00,121,L,455.0,,0.0,0.0,,0.0,0.0,,600.0,,0.0,,,,"","",,,,,,,N,1,0.0,AS,0.0,,,0,0,,,112,N,,,,0.0,,55380.0,,,0.0,,,,E,,,"001",18,,S,,455.0,0.0,,,P,0.0,,2025-09-19 11:39:00.000,2025-10-07 17:08:00.000,2028-01-19 11:39:00.000,,,,2406
116,"00011225001",TTE8E22,2025-09-19,967,12:36:00,"0  ",2025-12-09,38077,12:00:00,"0  ",2028-01-19,12:36:00,121,L,455.0,,0.0,0.0,,0.0,0.0,,600.0,,0.0,,,,"","",,,,,,,N,1,0.0,AS,0.0,,,0,0,,,113,N,,,,0.0,,55380.0,,,0.0,,,,E,,,"001",81,,S,,455.0,0.0,,,P,0.0,,2025-09-19 12:36:00.000,2025-12-09 12:00:00.000,2028-01-19 12:36:00.000,,,,37110
117,"00011325001",TUW0I31,2025-09-19,17143,13:39:00,"0  ",2025-10-21,24197,11:54:00,"0  ",2028-01-19,13:39:00,121,L,455.0,,0.0,0.0,,0.0,0.0,,600.0,,0.0,,,,"","",,,,,,,N,1,0.0,AS,0.0,,,0,0,,,114,N,,,,0.0,,55380.0,,,0.0,,,,E,,,"001",32,,S,,455.0,0.0,,,P,0.0,,2025-09-19 13:39:00.000,2025-10-21 11:54:00.000,2028-01-19 13:39:00.000,,,,7054
118,"00011425001",TTO6D13,2025-09-25,1,11:13:00,"0  ",2025-12-30,17496,11:48:00,"0  ",2028-01-25,11:13:00,121,L,455.0,,0.0,0.0,,0.0,0.0,,600.0,,0.0,,,,"","",,,,,,,N,1,0.0,AS,0.0,,,0,0,,,115,N,,,,0.0,,55380.0,,,0.0,,,,E,,,"001",96,,S,,455.0,0.0,,,P,0.0,,2025-09-25 11:13:00.000,2025-12-30 11:48:00.000,2028-01-25 11:13:00.000,,,,17495
119,"00011525001",TTT3G87,2025-09-26,1,11:13:00,"0  ",2026-01-04,29003,15:18:00,"0  ",2028-01-26,11:13:00,121,L,455.0,,0.0,0.0,,0.0,0.0,,600.0,,0.0,,,,"","",,,,,,,N,1,0.0,AS,0.0,,,0,0,,,116,N,,,,0.0,,55380.0,,,0.0,,,,E,,,"001",100,,S,,455.0,0.0,,,P,0.0,,2025-09-26 11:13:00.000,2026-01-04 15:18:00.000,2028-01-26 11:13:00.000,,,,29002
120,"00011625001",TTO6D20,2025-09-26,1,13:29:00,"0  ",2026-02-05,11536,14:56:00,"0  ",2028-01-26,13:29:00,121,L,455.0,,0.0,0.0,,0.0,0.0,,600.0,,0.0,,,,"","",,,,,,,N,1,0.0,AS,0.0,,,0,0,,,117,N,,,,0.0,,55380.0,,,0.0,,,,E,,,"001",132,,S,,455.0,0.0,,,P,0.0,,2025-09-26 13:29:00.000,2026-02-05 14:56:00.000,2028-01-26 13:29:00.000,,,,11535
121,"00011725001",TUN2C71,2025-09-30,1,10:48:00,"0  ",,,,,2028-01-30,10:48:00,121,L,455.0,,0.0,0.0,,0.0,0.0,,600.0,,0.0,,,,"","",,,,,,,N,1,0.0,AS,0.0,,,0,0,,,118,N,,,,0.0,,55380.0,,,0.0,,,,A,,,"001",852,,S,,455.0,0.0,,,P,0.0,,2025-09-30 10:48:00.000,,2028-01-30 10:48:00.000,,,,0
122,"00011825001",TUX2D14,2025-10-02,1,16:09:00,"0  ",2026-01-03,1,09:10:00,"0  ",2028-02-02,16:09:00,121,L,455.0,,0.0,0.0,,0.0,0.0,,600.0,,0.0,,,,"","",,,,,,,N,1,0.0,AS,0.0,,,0,0,,,119,N,,,,0.0,,55445.0,,,0.0,,,,E,,,"001",93,,S,,455.0,0.0,,,P,0.0,,2025-10-02 16:09:00.000,2026-01-03 09:10:00.000,2028-02-02 16:09:00.000,,,,0
123,"00011925001",TTL9I22,2025-10-03,1,09:49:00,"0  ",2026-07-09,35000,16:30:00,"0  ",2028-02-03,09:49:00,121,L,455.0,,0.0,0.0,,0.0,0.0,,600.0,,0.0,,,,"","",,,,,,,N,1,0.0,AS,0.0,,,0,0,,,120,N,,,,0.0,,55445.0,,,0.0,,,,E,,,"001",279,,S,,455.0,0.0,,,P,0.0,,2025-10-03 09:49:00.000,2026-07-09 16:30:00.000,2028-02-03 09:49:00.000,,,,34999
124,"00012025001",TTP7D09,2025-10-06,1,17:00:00,"0  ",,,,,2028-02-06,17:00:00,121,L,455.0,,0.0,0.0,,0.0,0.0,,600.0,,0.0,,,,"","",,,,,,,N,1,0.0,AS,0.0,,,0,0,,,121,N,,,,0.0,,55445.0,,,0.0,,,,A,,,"001",853,,S,,455.0,0.0,,,P,0.0,,2025-10-06 17:00:00.000,,2028-02-06 17:00:00.000,,,,0
125,"00012125001",TTS5C75,2025-10-06,1,18:07:00,"0  ",2025-12-08,6871,11:30:00,"0  ",2028-02-06,18:07:00,121,L,455.0,,0.0,0.0,,0.0,0.0,,600.0,,0.0,,,,"","",,,,,,,N,1,0.0,AS,0.0,,,0,0,,,122,N,,,,0.0,,55445.0,,,0.0,,,,E,,,"001",63,,S,,455.0,0.0,,,P,0.0,,2025-10-06 18:07:00.000,2025-12-08 11:30:00.000,2028-02-06 18:07:00.000,,,,6870
126,"00012225001",TTO4I26,2025-10-07,2518,10:22:00,"0  ",2025-12-29,18638,10:46:00,"0  ",2028-02-07,10:22:00,121,L,455.0,,0.0,0.0,,0.0,0.0,,600.0,,0.0,,,,"","",,,,,,,N,1,0.0,AS,0.0,,,0,0,,,123,N,,,,0.0,,55445.0,,,0.0,,,,E,,,"001",83,,S,,455.0,0.0,,,P,0.0,,2025-10-07 10:22:00.000,2025-12-29 10:46:00.000,2028-02-07 10:22:00.000,,,,16120
127,"00012325001",TTE6H33,2025-10-07,15294,17:14:00,"0  ",,,,,2028-02-07,17:14:00,121,L,455.0,,0.0,0.0,,0.0,0.0,,600.0,,0.0,,,,"","",,,,,,,N,1,0.0,AS,0.0,,,0,0,,,124,N,,,,0.0,,55445.0,,,0.0,,,,A,,,"001",853,,S,,455.0,0.0,,,P,0.0,,2025-10-07 17:14:00.000,,2028-02-07 17:14:00.000,,,,0
128,"00012425001",TTS5C72,2025-10-09,1,10:18:00,"0  ",,,,,2028-02-09,10:18:00,121,L,455.0,,0.0,0.0,,0.0,0.0,,600.0,,0.0,,,,"","",,,,,,,N,1,0.0,AS,0.0,,,0,0,,,125,N,,,,0.0,,55445.0,,,0.0,,,,A,,,"001",853,,S,,455.0,0.0,,,P,0.0,,2025-10-09 10:18:00.000,,2028-02-09 10:18:00.000,,,,0
129,"00012525001",TUG2E83,2025-10-09,1,12:02:00,"0  ",2025-11-01,2629,15:15:00,"0  ",2028-02-09,12:02:00,121,L,455.0,,0.0,0.0,,0.0,0.0,,600.0,,0.0,,,,"","",,,,,,,N,1,0.0,AS,0.0,,,0,0,,,126,N,,,,0.0,,55445.0,,,0.0,,,,E,,,"001",23,,S,,455.0,0.0,,,P,0.0,,2025-10-09 12:02:00.000,2025-11-01 15:15:00.000,2028-02-09 12:02:00.000,,,,2628
130,"00012625001",TTS5I41,2025-10-09,1,15:35:00,"0  ",,,,,2028-02-09,15:35:00,121,L,455.0,,0.0,0.0,,0.0,0.0,,600.0,,0.0,,,,"","",,,,,,,N,1,0.0,AS,0.0,,,0,0,,,127,N,,,,0.0,,55445.0,,,0.0,,,,A,,,"001",853,,S,,455.0,0.0,,,P,0.0,,2025-10-09 15:35:00.000,,2028-02-09 15:35:00.000,,,,0
131,"00012725001",TTP7J19,2025-10-13,1,13:35:00,"0  ",2026-01-21,9048,09:57:00,"0  ",2025-10-20,13:35:00,121,L,455.0,,0.0,0.0,,0.0,0.0,,600.0,,0.0,,,,"","",,,,,,,N,1,0.0,AS,0.0,,,0,0,,,128,N,,,,0.0,,55445.0,,,0.0,,,,E,,,"001",100,,S,,455.0,0.0,,,P,0.0,,2025-10-13 13:35:00.000,2026-01-21 09:57:00.000,2025-10-20 13:35:00.000,,,,9047
132,"00012825001",TUV0F35,2025-10-15,49251,13:54:00,"0  ",2026-06-08,100242,12:08:00,"0  ",2028-02-15,13:54:00,121,L,400.0,,0.0,0.0,,0.0,0.0,,600.0,,0.0,,,,"","",,,,,,,N,1,0.0,AS,0.0,,,0,0,,,129,N,,,,0.0,,48742.84,,,0.0,,,,E,,,"001",236,,S,,400.0,0.0,,,P,0.0,,2025-10-15 13:54:00.000,2026-06-08 12:08:00.000,2028-02-15 13:54:00.000,,,,50991
133,"00012925001",TTG5G18,2025-10-15,31430,15:26:00,"0  ",2025-11-07,31430,12:53:00,"0  ",2028-02-15,15:26:00,121,L,400.0,,0.0,0.0,,0.0,0.0,,600.0,,0.0,,,,"","",,,,,,,N,1,0.0,AS,0.0,,,0,0,,,130,N,,,,0.0,,48742.84,,,0.0,,,,E,,,"001",23,,S,,400.0,0.0,,,P,0.0,,2025-10-15 15:26:00.000,2025-11-07 12:53:00.000,2028-02-15 15:26:00.000,,,,0
134,"00013025001",TTO8I83,2025-10-17,1,15:49:00,"0  ",,,,,2028-02-17,15:49:00,121,L,455.0,,0.0,0.0,,0.0,0.0,,600.0,,0.0,,,,"","",,,,,,,N,1,0.0,AS,0.0,,,0,0,,,131,N,,,,0.0,,55445.0,,,0.0,,,,A,,,"001",853,,S,,455.0,0.0,,,P,0.0,,2025-10-17 15:49:00.000,,2028-02-17 15:49:00.000,,,,0
135,"00013125001",TTE9G97,2025-10-22,4897,15:29:00,"0  ",2026-01-08,6579,09:04:00,"0  ",2025-11-06,15:29:00,50,L,735.0,,0.0,0.0,,0.0,0.0,,0.0,,0.0,,,,"","",,,,,,,N,1,0.0,AQ,0.0,,,0,0,,,132,N,,,,0.0,,37289.0,,,0.0,,,,E,,,"001",78,,S,,735.0,0.0,,,P,0.0,,2025-10-22 15:29:00.000,2026-01-08 09:04:00.000,2025-11-06 15:29:00.000,,,,1682
136,"00013225001",TTT6D73,2025-10-23,1,10:50:00,"0  ",2026-03-03,15563,13:21:00,"0  ",2028-02-23,10:50:00,121,L,455.0,,0.0,0.0,,0.0,0.0,,600.0,,0.0,,,,"","",,,,,,,N,1,0.0,AS,0.0,,,0,0,,,133,N,,,,0.0,,55445.0,,,0.0,,,,E,,,"001",131,,S,,455.0,0.0,,,P,0.0,,2025-10-23 10:50:00.000,2026-03-03 13:21:00.000,2028-02-23 10:50:00.000,,,,15562
137,"00013325001",TTQ6J07,2025-10-28,1,14:36:00,"0  ",2025-11-06,1089,09:11:00,"0  ",2028-02-28,14:36:00,121,L,455.0,,0.0,0.0,,0.0,0.0,,600.0,,0.0,,,,"","",,,,,,,N,1,0.0,AS,0.0,,,0,0,,,134,N,,,,0.0,,55445.0,,,0.0,,,,E,,,"001",9,,S,,455.0,0.0,,,P,0.0,,2025-10-28 14:36:00.000,2025-11-06 09:11:00.000,2028-02-28 14:36:00.000,,,,1088
138,"00013425001",TTR6G26,2025-10-30,1,12:47:00,"0  ",2026-02-06,19118,16:03:00,"0  ",2028-02-29,12:47:00,121,L,455.0,,0.0,0.0,,0.0,0.0,,600.0,,0.0,,,,"","",,,,,,,N,1,0.0,AS,0.0,,,0,0,,,135,N,,,,0.0,,55380.0,,,0.0,,,,E,,,"001",99,,S,,455.0,0.0,,,P,0.0,,2025-10-30 12:47:00.000,2026-02-06 16:03:00.000,2028-02-29 12:47:00.000,,,,19117
139,"00013525001",TTP8H59,2025-11-04,1,11:10:00,"0  ",,,,,2028-03-04,11:10:00,121,L,455.0,,0.0,0.0,,0.0,0.0,,600.0,,0.0,,,,"","",,,,,,,N,1,0.0,AS,0.0,,,0,0,,,136,N,,,,0.0,,55315.0,,,0.0,,,,A,,,"001",851,,S,,455.0,0.0,,,P,0.0,,2025-11-04 11:10:00.000,,2028-03-04 11:10:00.000,,,,0
140,"00013625001",TTP8H57,2025-11-06,1,14:01:00,"0  ",2026-01-07,10832,09:52:00,"0  ",2028-03-06,14:01:00,121,L,455.0,,0.0,0.0,,0.0,0.0,,600.0,,0.0,,,,"","",,,,,,,N,1,0.0,AS,0.0,,,0,0,,,137,N,,,,0.0,,55315.0,,,0.0,,,,E,,,"001",62,,S,,455.0,0.0,,,P,0.0,,2025-11-06 14:01:00.000,2026-01-07 09:52:00.000,2028-03-06 14:01:00.000,,,,10831
141,"00013725001",TUT2F42,2025-11-10,1,16:35:00,"0  ",2026-02-12,10086,13:51:00,"0  ",2028-03-10,16:35:00,121,L,455.0,,0.0,0.0,,0.0,0.0,,600.0,,0.0,,,,"","",,,,,,,N,1,0.0,AS,0.0,,,0,0,,,138,N,,,,0.0,,55315.0,,,0.0,,,,E,,,"001",94,,S,,455.0,0.0,,,P,0.0,,2025-11-10 16:35:00.000,2026-02-12 13:51:00.000,2028-03-10 16:35:00.000,,,,10085
142,"00013825001",TUO2G69,2025-11-11,1,09:22:00,"0  ",,,,,2028-03-11,09:22:00,121,L,455.0,,0.0,0.0,,0.0,0.0,,600.0,,0.0,,,,"","",,,,,,,N,1,0.0,AS,0.0,,,0,0,,,139,N,,,,0.0,,55315.0,,,0.0,,,,C,,,"001",851,,S,,455.0,0.0,,,P,0.0,,2025-11-11 09:22:00.000,,2028-03-11 09:22:00.000,,,,0
143,"00013925001",TTT7I99,2025-11-11,1,10:46:00,"0  ",,,,,2028-03-11,10:46:00,121,L,455.0,,0.0,0.0,,0.0,0.0,,600.0,,0.0,,,,"","",,,,,,,N,1,0.0,AS,0.0,,,0,0,,,140,N,,,,0.0,,55315.0,,,0.0,,,,C,,,"001",851,,S,,455.0,0.0,,,P,0.0,,2025-11-11 10:46:00.000,,2028-03-11 10:46:00.000,,,,0
144,"00014025001",TUG2E83,2025-11-11,2629,15:16:00,"0  ",2026-01-21,9304,10:22:00,"0  ",2028-03-11,15:16:00,121,L,455.0,,0.0,0.0,,0.0,0.0,,600.0,,0.0,,,,"","",,,,,,,N,1,0.0,AS,0.0,,,0,0,,,141,N,,,,0.0,,55315.0,,,0.0,,,,E,,,"001",71,,S,,455.0,0.0,,,P,0.0,,2025-11-11 15:16:00.000,2026-01-21 10:22:00.000,2028-03-11 15:16:00.000,,,,6675
145,"00014125001",TTQ6J07,2025-11-11,1089,16:19:00,"0  ",2026-02-23,10802,12:18:00,"0  ",2028-03-07,16:19:00,121,L,455.0,,0.0,0.0,,0.0,0.0,,600.0,,0.0,,,,"","",,,,,,,N,1,0.0,AS,0.0,,,0,0,,,142,N,,,,0.0,,55055.0,,,0.0,,,,E,,,"001",104,,S,,455.0,0.0,,,P,0.0,,2025-11-11 16:19:00.000,2026-02-23 12:18:00.000,2028-03-07 16:19:00.000,,,,9713
146,"00014225001",TTS0H70,2025-11-11,32244,16:31:00,"0  ",2026-04-01,53141,09:55:00,"0  ",2028-03-11,16:31:00,121,L,455.0,,0.0,0.0,,0.0,0.0,,600.0,,0.0,,,,"","",,,,,,,N,1,0.0,AS,0.0,,,0,0,,,143,N,,,,0.0,,55315.0,,,0.0,,,,E,,,"001",141,,S,,455.0,0.0,,,P,0.0,,2025-11-11 16:31:00.000,2026-04-01 09:55:00.000,2028-03-11 16:31:00.000,,,,20897
147,"00014325001",TUN2A80,2025-11-11,3825,17:19:00,"0  ",,,,,2028-03-07,17:19:00,121,L,455.0,,0.0,10.83,,0.0,0.0,,600.0,,0.0,,,,"","",,,,,,,N,1,0.0,AS,0.0,,,0,0,,,144,N,,,,0.0,,55055.0,,,0.0,,,,A,,,"001",847,,S,,0.0,0.0,,,P,0.0,,2025-11-11 17:19:00.000,,2028-03-07 17:19:00.000,,,,0
148,"00014425001",TTQ8F40,2025-11-12,1,10:08:00,"0  ",,,,,2028-03-12,10:08:00,121,L,455.0,,0.0,0.0,,0.0,0.0,,600.0,,0.0,,,,"","",,,,,,,N,1,0.0,AS,0.0,,,0,0,,,145,N,,,,0.0,,55315.0,,,0.0,,,,A,,,"001",851,,S,,455.0,0.0,,,P,0.0,,2025-11-12 10:08:00.000,,2028-03-12 10:08:00.000,,,,0
149,"00014525001",TUW1G95,2025-11-18,6717,16:35:00,"0  ",,,,,2028-03-18,16:35:00,121,L,455.0,,0.0,0.0,,0.0,0.0,,600.0,,0.0,,,,"","",,,,,,,N,1,0.0,AS,0.0,,,0,0,,,146,N,,,,0.0,,55315.0,,,0.0,,,,A,,,"001",851,,S,,455.0,0.0,,,P,0.0,,2025-11-18 16:35:00.000,,2028-03-18 16:35:00.000,,,,0
150,"00014625001",TTG7I14,2025-11-24,23887,13:45:00,"0  ",,,,,2028-03-23,13:45:00,121,L,455.0,,0.0,0.0,,0.0,0.0,,600.0,,0.0,,,,"","",,,,,,,N,1,0.0,AS,0.0,,,0,0,,,147,N,,,,0.0,,55250.0,,,0.0,,,,C,,,"001",850,,S,,455.0,0.0,,,P,0.0,,2025-11-24 13:45:00.000,,2028-03-23 13:45:00.000,,,,0
151,"00014625001",TUI2B15,2025-11-24,12812,13:57:00,"0  ",,,,,2028-03-24,13:57:00,121,L,455.0,,0.0,0.0,,0.0,0.0,,600.0,,0.0,,,,"","",,,,,,,N,1,0.0,AS,0.0,,,0,0,,,147,N,,,,0.0,,55315.0,,,0.0,,,,A,,,"001",851,,S,,455.0,0.0,,, ,0.0,,2025-11-24 13:57:00.000,,2028-03-24 13:57:00.000,,,,0
152,"00014725001",TTR8I37,2025-11-26,1,14:02:00,"0  ",2026-03-19,18780,14:35:00,"0  ",2028-03-26,14:02:00,121,L,490.0,,0.0,0.0,,0.0,0.0,,600.0,,0.0,,,,"","",,,,,,,N,1,0.0,AS,0.0,,,0,0,,,148,N,,,,0.0,,59570.0,,,0.0,,,,E,,,"001",113,,S,,490.0,0.0,,,P,0.0,,2025-11-26 14:02:00.000,2026-03-19 14:35:00.000,2028-03-26 14:02:00.000,,,,18779
153,"00014825001",TTQ9B53,2025-11-27,1,12:31:00,"0  ",2026-01-07,1775,10:39:00,"0  ",2028-03-27,23:59:00,121,L,490.0,,0.0,0.0,,0.0,0.0,,600.0,,0.0,,,,"","",,,,,,,N,1,0.0,AS,0.0,,,0,0,,,149,N,,,,0.0,,59570.0,,,0.0,,,,E,,,"001",41,,S,,490.0,0.0,,,P,0.0,,2025-11-27 12:31:00.000,2026-01-07 10:39:00.000,2028-03-27 23:59:00.000,,,,1774
154,"00000125001",TTS8J59,2025-11-28,1,15:40:00,"0  ",2026-04-28,20300,11:28:00,"0  ",2028-03-28,15:40:00,121,L,490.0,,0.0,0.0,,0.0,0.0,,0.0,,0.0,,,,"","",,,,,,,N,4,0.0,AS,0.0,,,0,0,,,150,N,,,,0.0,,59570.0,,,0.0,,,,E,,,"001",151,,S,,490.0,0.0,,,P,0.0,,2025-11-28 15:40:00.000,2026-04-28 11:28:00.000,2028-03-28 15:40:00.000,,,,20299
155,"00000225001",TTQ9B55,2025-12-01,1,13:09:00,"0  ",,,,,2028-04-01,13:09:00,121,L,490.0,,0.0,0.0,,0.0,0.0,,600.0,,0.0,,,,"","",,,,,,,N,4,0.0,AS,0.0,,,0,0,,,151,N,,,,0.0,,59640.0,,,0.0,,,,A,,,"001",852,,S,,490.0,0.0,,,P,0.0,,2025-12-01 13:09:00.000,,2028-04-01 13:09:00.000,,,,0
156,"00000325001",TUV2H43,2025-12-03,1,11:03:00,"0  ",,,,,2028-04-03,11:03:00,121,L,490.0,,0.0,0.0,,0.0,0.0,,600.0,,0.0,,,,"","",,,,,,,N,4,0.0,AS,0.0,,,0,0,,,152,N,,,,0.0,,59640.0,,,0.0,,,,A,,,"001",852,,S,,490.0,0.0,,,P,0.0,,2025-12-03 11:03:00.000,,2028-04-03 11:03:00.000,,,,0
157,"00000425001",TUS2J02,2025-12-03,1,11:52:00,"0  ",,,,,2028-04-03,11:52:00,121,L,455.0,,0.0,0.0,,0.0,0.0,,600.0,,0.0,,,,"","",,,,,,,N,4,0.0,AS,0.0,,,0,0,,,153,N,,,,0.0,,55380.0,,,0.0,,,,A,,,"001",852,,S,,455.0,0.0,,,P,0.0,,2025-12-03 11:52:00.000,,2028-04-03 11:52:00.000,,,,0
158,"00000525001",TTV3G67,2025-12-03,1,16:21:00,"0  ",,,,,2028-04-03,16:21:00,121,L,490.0,,0.0,0.0,,0.0,0.0,,600.0,,0.0,,,,"","",,,,,,,N,4,0.0,AS,0.0,,,0,0,,,154,N,,,,0.0,,59640.0,,,0.0,,,,A,,,"001",852,,S,,490.0,0.0,,,P,0.0,,2025-12-03 16:21:00.000,,2028-04-03 16:21:00.000,,,,0
159,"00000625001",TUO2G69,2025-12-04,1,11:02:00,"0  ",,,,,2028-04-04,11:02:00,121,L,455.0,,0.0,0.0,,0.0,0.0,,600.0,,0.0,,,,"","",,,,,,,N,4,0.0,AS,0.0,,,0,0,,,155,N,,,,0.0,,55380.0,,,0.0,,,,A,,,"001",852,,S,,455.0,0.0,,,P,0.0,,2025-12-04 11:02:00.000,,2028-04-04 11:02:00.000,,,,0
160,"00000725001",TTV3G72,2025-12-04,1,11:48:00,"0  ",2025-12-27,1,15:46:00,"0  ",2028-04-04,11:48:00,121,L,490.0,,0.0,0.0,,0.0,0.0,,600.0,,0.0,,,,"","",,,,,,,N,4,0.0,AS,0.0,,,0,0,,,156,N,,,,0.0,,59640.0,,,0.0,,,,E,,,"001",23,,S,,490.0,0.0,,,P,0.0,,2025-12-04 11:48:00.000,2025-12-27 15:46:00.000,2028-04-04 11:48:00.000,,,,0
161,"00000825001",TTT9I71,2025-12-08,1,10:21:00,"0  ",,,,,2028-04-08,10:21:00,121,L,490.0,,0.0,0.0,,0.0,0.0,,600.0,,0.0,,,,"","",,,,,,,N,4,0.0,AS,0.0,,,0,0,,,157,N,,,,0.0,,59640.0,,,0.0,,,,A,,,"001",852,,S,,490.0,0.0,,,P,0.0,,2025-12-08 10:21:00.000,,2028-04-08 10:21:00.000,,,,0
162,"00000925001",TUE2H98,2025-12-08,1,10:39:00,"0  ",,,,,2028-04-08,10:39:00,121,L,455.0,,0.0,0.0,,0.0,0.0,,600.0,,0.0,,,,"","",,,,,,,N,4,0.0,AS,0.0,,,0,0,,,158,N,,,,0.0,,55380.0,,,0.0,,,,A,,,"001",852,,S,,455.0,0.0,,,P,0.0,,2025-12-08 10:39:00.000,,2028-04-08 10:39:00.000,,,,0
163,"00001025001",TTU5A09,2025-12-08,1,16:51:00,"0  ",,,,,2028-04-08,16:51:00,121,L,455.0,,0.0,0.0,,0.0,0.0,,600.0,,0.0,,,,"","",,,,,,,N,4,0.0,AS,0.0,,,0,0,,,159,N,,,,0.0,,55380.0,,,0.0,,,,A,,,"001",852,,S,,455.0,0.0,,,P,0.0,,2025-12-08 16:51:00.000,,2028-04-08 16:51:00.000,,,,0
164,"00001125001",TTC7A66,2025-12-09,1,10:37:00,"0  ",,,,,2028-04-09,10:37:00,121,L,455.0,,0.0,0.0,,0.0,0.0,,600.0,,0.0,,,,"","",,,,,,,N,4,0.0,AS,0.0,,,0,0,,,160,N,,,,0.0,,55380.0,,,0.0,,,,A,,,"001",852,,S,,455.0,0.0,,,P,0.0,,2025-12-09 10:37:00.000,,2028-04-09 10:37:00.000,,,,0
165,"00001225001",TTT9I67,2025-12-09,1,15:11:00,"0  ",2026-02-24,5823,15:20:00,"0  ",2028-04-09,15:11:00,121,L,490.0,,0.0,0.0,,0.0,0.0,,600.0,,0.0,,,,"","",,,,,,,N,4,0.0,AS,0.0,,,0,0,,,161,N,,,,0.0,,59640.0,,,0.0,,,,E,,,"001",77,,S,,490.0,0.0,,,P,0.0,,2025-12-09 15:11:00.000,2026-02-24 15:20:00.000,2028-04-09 15:11:00.000,,,,5822
166,"00014925001",TTH2A01,2025-12-10,52128,14:42:00,"0  ",,,,,2028-04-10,14:42:00,121,L,400.0,,0.0,0.0,,0.0,0.0,,600.0,,0.0,,,,"","",,,,,,,N,1,0.0,AS,0.0,,,0,0,,,162,N,,,,0.0,,48685.7,,,0.0,,,,A,,,"001",852,,S,,400.0,0.0,,,P,0.0,,2025-12-10 14:42:00.000,,2028-04-10 14:42:00.000,,,,0
167,"00001325001",TUF2G61,2025-12-10,1,17:04:00,"0  ",,,,,2028-04-10,17:04:00,121,L,490.0,,0.0,0.0,,0.0,0.0,,600.0,,0.0,,,,"","",,,,,,,N,4,0.0,AS,0.0,,,0,0,,,163,N,,,,0.0,,59640.0,,,0.0,,,,A,,,"001",852,,S,,490.0,0.0,,,P,0.0,,2025-12-10 17:04:00.000,,2028-04-10 17:04:00.000,,,,0
168,"00001425001",TTU4J90,2025-12-16,1,15:59:00,"0  ",,,,,2028-04-16,15:59:00,121,L,490.0,,0.0,0.0,,0.0,0.0,,600.0,,0.0,,,,"","",,,,,,,N,4,0.0,AS,0.0,,,0,0,,,164,N,,,,0.0,,59640.0,,,0.0,,,,A,,,"001",852,,S,,490.0,0.0,,,P,0.0,,2025-12-16 15:59:00.000,,2028-04-16 15:59:00.000,,,,0
169,"00015025001",TUW0I31,2025-12-19,24197,14:48:00,"0  ",2026-01-05,25225,10:17:00,"0  ",2028-04-14,14:48:00,121,L,400.0,,0.0,0.0,,0.0,0.0,,600.0,,0.0,,,,"","",,,,,,,N,1,0.0,AS,0.0,,,0,0,,,165,N,,,,0.0,,48400.0,,,0.0,,,,E,,,"001",17,,S,,400.0,0.0,,,P,0.0,,2025-12-19 14:48:00.000,2026-01-05 10:17:00.000,2028-04-14 14:48:00.000,,,,1028
170,"00015125001",TTG7J25,2025-12-17,41938,10:57:00,"0  ",,,,,2027-09-08,10:57:00,90,L,455.0,,0.0,0.0,,0.0,0.0,,0.0,,0.0,,,,"","",,,,,,,N,1,0.0,AS,0.0,,,0,0,,,166,N,,,,0.0,,40950.0,,,0.0,,,,A,,,"001",630,,S,,455.0,0.0,,,P,0.0,,2025-12-17 10:57:00.000,,2027-09-08 10:57:00.000,,,,0
171,"00001525001",TTX2J91,2025-12-22,1,11:34:00,"0  ",2026-02-04,7199,15:10:00,"0  ",2028-04-22,11:34:00,121,L,490.0,,0.0,0.0,,0.0,0.0,,600.0,,0.0,,,,"","",,,,,,,N,4,0.0,AS,0.0,,,0,0,,,167,N,,,,0.0,,59640.0,,,0.0,,,,E,,,"001",44,,S,,490.0,0.0,,,P,0.0,,2025-12-22 11:34:00.000,2026-02-04 15:10:00.000,2028-04-22 11:34:00.000,,,,7198
172,"00015225001",TTS5C75,2025-12-22,6871,12:05:00,"0  ",,,,,2028-04-22,12:05:00,121,L,455.0,,0.0,0.0,,0.0,0.0,,600.0,,0.0,,,,"","",,,,,,,N,1,0.0,AS,0.0,,,0,0,,,168,N,,,,0.0,,55055.0,,,0.0,,,,C,,,"001",852,,S,,455.0,0.0,,,P,0.0,,2025-12-22 12:05:00.000,,2028-04-22 12:05:00.000,,,,0
173,"00001625001",TTW5C38,2025-12-22,1,12:32:00,"0  ",2026-03-09,14646,12:31:00,"0  ",2028-04-22,12:32:00,121,L,455.0,,0.0,0.0,,0.0,0.0,,600.0,,0.0,,,,"","",,,,,,,N,4,0.0,AS,0.0,,,0,0,,,169,N,,,,0.0,,55380.0,,,0.0,,,,E,,,"001",77,,S,,455.0,0.0,,,P,0.0,,2025-12-22 12:32:00.000,2026-03-09 12:31:00.000,2028-04-22 12:32:00.000,,,,14645
174,"00015225001",TTS5C75,2025-12-22,6871,12:44:00,"0  ",,,,,2028-04-22,12:44:00,121,L,455.0,,0.0,0.0,,0.0,0.0,,600.0,,0.0,,,,"","",,,,,,,N,1,0.0,AS,0.0,,,0,0,,,168,N,,,,0.0,,55380.0,,,0.0,,,,A,,,"001",852,,S,,455.0,0.0,,, ,0.0,,2025-12-22 12:44:00.000,,2028-04-22 12:44:00.000,,,,0
175,"00015325001",TTH7G78,2025-12-22,22104,17:18:00,"0  ",,,,,2028-04-22,17:18:00,121,L,400.0,,0.0,0.0,,0.0,0.0,,600.0,,0.0,,,,"","",,,,,,,N,1,0.0,AS,0.0,,,0,0,,,170,N,,,,0.0,,48685.7,,,0.0,,,,A,,,"001",852,,S,,400.0,0.0,,,P,0.0,,2025-12-22 17:18:00.000,,2028-04-22 17:18:00.000,,,,0
176,"00015425001",TTX0I46,2025-12-26,17278,11:10:00,"0  ",,,,,2028-04-26,11:10:00,121,L,400.0,,0.0,0.0,,0.0,0.0,,600.0,,0.0,,,,"","",,,,,,,N,1,0.0,AS,0.0,,,0,0,,,171,N,,,,0.0,,48685.7,,,0.0,,,,A,,,"001",852,,S,,400.0,0.0,,,P,0.0,,2025-12-26 11:10:00.000,,2028-04-26 11:10:00.000,,,,0
177,"00015525001",TTG7I14,2025-12-26,23887,14:56:00,"0  ",2026-02-09,31572,10:31:00,"0  ",2028-04-26,14:56:00,121,L,400.0,,0.0,0.0,,0.0,0.0,,600.0,,0.0,,,,"","",,,,,,,N,1,0.0,AS,0.0,,,0,0,,,172,N,,,,0.0,,48685.7,,,0.0,,,,E,,,"001",45,,S,,400.0,0.0,,,P,0.0,,2025-12-26 14:56:00.000,2026-02-09 10:31:00.000,2028-04-26 14:56:00.000,,,,7685
178,"00015625001",TUK2B08,2025-12-29,17165,09:53:00,"0  ",,,,,2028-04-29,09:53:00,121,L,455.0,,0.0,0.0,,0.0,0.0,,600.0,,0.0,,,,"","",,,,,,,N,1,0.0,AS,0.0,,,0,0,,,173,N,,,,0.0,,55380.0,,,0.0,,,,C,,,"001",852,,S,,455.0,0.0,,,P,0.0,,2025-12-29 09:53:00.000,,2028-04-29 09:53:00.000,,,,0
180,"00015725001",TUK2B08,2025-12-29,12766,12:40:00,"0  ",,,,,2027-10-29,12:40:00,95,L,455.0,,0.0,0.0,,0.0,0.0,,0.0,,0.0,,,,"","",,,,,,,N,1,0.0,AS,0.0,,,0,0,,,174,N,,,,0.0,,43485.0,,,0.0,,,,A,,,"001",669,,S,,455.0,0.0,,,P,0.0,,2025-12-29 12:40:00.000,,2027-10-29 12:40:00.000,,,,0
179,"00015625001",TTO4I26,2025-12-29,18638,11:04:00,"0  ",2026-03-11,18638,15:37:00,"0  ",2028-04-29,11:04:00,121,L,400.0,,0.0,0.0,,0.0,0.0,,600.0,,0.0,,,,"","",,,,,,,N,1,0.0,AS,0.0,,,0,0,,,173,N,,,,0.0,,48685.7,,,0.0,,,,E,,,"001",72,,S,,400.0,0.0,,, ,0.0,,2025-12-29 11:04:00.000,2026-03-11 15:37:00.000,2028-04-29 11:04:00.000,,,,0
181,"00015825001",TTO4C77,2025-12-29,13384,15:02:00,"0  ",,,,,2028-04-29,15:02:00,121,L,455.0,,0.0,0.0,,0.0,0.0,,600.0,,0.0,,,,"","",,,,,,,N,1,0.0,AS,0.0,,,0,0,,,175,N,,,,0.0,,55380.0,,,0.0,,,,A,,,"001",852,,S,,455.0,0.0,,,P,0.0,,2025-12-29 15:02:00.000,,2028-04-29 15:02:00.000,,,,0
182,"00015926001",TUX2D14,2026-01-03,9396,09:11:00,"0  ",2026-02-05,14940,14:27:00,"0  ",2028-05-03,09:11:00,121,L,455.0,,0.0,0.0,,0.0,0.0,,600.0,,0.0,,,,"","",,,,,,,N,1,0.0,AS,0.0,,,0,0,,,176,N,,,,0.0,,55315.0,,,0.0,,,,E,,,"001",33,,S,,455.0,0.0,,,P,0.0,,2026-01-03 09:11:00.000,2026-02-05 14:27:00.000,2028-05-03 09:11:00.000,,,,5544
183,"00016026001",TTL9J66,2026-01-05,14311,09:58:00,"0  ",,,,,2028-05-05,09:58:00,121,L,455.0,,0.0,0.0,,0.0,0.0,,600.0,,0.0,,,,"","",,,,,,,N,1,0.0,AS,0.0,,,0,0,,,177,N,,,,0.0,,55315.0,,,0.0,,,,C,,,"001",851,,S,,455.0,0.0,,,P,0.0,,2026-01-05 09:58:00.000,,2028-05-05 09:58:00.000,,,,0
184,"00016126001",TTW5J83,2026-01-05,1,15:17:00,"0  ",,,,,2028-05-05,15:17:00,121,L,490.0,,0.0,0.0,,0.0,0.0,,600.0,,0.0,,,,"","",,,,,,,N,1,0.0,AS,0.0,,,0,0,,,178,N,,,,0.0,,59570.0,,,0.0,,,,A,,,"001",851,,S,,490.0,0.0,,,P,0.0,,2026-01-05 15:17:00.000,,2028-05-05 15:17:00.000,,,,0
185,"00016226001",TTY5H60,2026-01-05,1,16:51:00,"0  ",2026-03-10,9681,15:02:00,"0  ",2028-05-05,16:51:00,121,L,490.0,,0.0,0.0,,0.0,0.0,,600.0,,0.0,,,,"","",,,,,,,N,1,0.0,AS,0.0,,,0,0,,,179,N,,,,0.0,,59570.0,,,0.0,,,,E,,,"001",64,,S,,490.0,0.0,,,P,0.0,,2026-01-05 16:51:00.000,2026-03-10 15:02:00.000,2028-05-05 16:51:00.000,,,,9680
186,"00016326001",TTX5I35,2026-01-05,1,17:11:00,"0  ",2026-03-03,4052,14:48:00,"0  ",2028-05-05,17:11:00,121,L,490.0,,0.0,0.0,,0.0,0.0,,600.0,,0.0,,,,"","",,,,,,,N,1,0.0,AS,0.0,,,0,0,,,180,N,,,,0.0,,59570.0,,,0.0,,,,E,,,"001",57,,S,,490.0,0.0,,,P,0.0,,2026-01-05 17:11:00.000,2026-03-03 14:48:00.000,2028-05-05 17:11:00.000,,,,4051
187,"00016426001",TUN3A69,2026-01-07,1,12:59:00,"0  ",2026-07-02,149753,10:59:00,"0  ",2028-05-07,12:59:00,121,L,455.0,,0.0,0.0,,0.0,0.0,,600.0,,0.0,,,,"","",,,,,,,N,1,0.0,AS,0.0,,,0,0,,,181,N,,,,0.0,,55315.0,,,0.0,,,,E,,,"001",176,,S,,455.0,0.0,,,P,0.0,,2026-01-07 12:59:00.000,2026-07-02 10:59:00.000,2028-05-07 12:59:00.000,,,,149752
188,"00016526001",TTQ9B53,2026-01-08,1775,10:40:00,"0  ",,,,,2028-05-08,10:40:00,121,L,490.0,,0.0,0.0,,0.0,0.0,,600.0,,0.0,,,,"","",,,,,,,N,1,0.0,AS,0.0,,,0,0,,,182,N,,,,0.0,,59570.0,,,0.0,,,,C,,,"001",851,,S,,490.0,0.0,,,P,0.0,,2026-01-08 10:40:00.000,,2028-05-08 10:40:00.000,,,,0
189,"00001726001",TUO3A75,2026-01-09,1,10:18:00,"0  ",2026-04-16,13850,16:18:00,"0  ",2028-05-09,10:18:00,121,L,455.0,,0.0,0.0,,0.0,0.0,,600.0,,0.0,,,,"","",,,,,,,N,4,0.0,AS,0.0,,,0,0,,,183,N,,,,0.0,,55315.0,,,0.0,,,,E,,,"001",97,,S,,455.0,0.0,,,P,0.0,,2026-01-09 10:18:00.000,2026-04-16 16:18:00.000,2028-05-09 10:18:00.000,,,,13849
190,"00016626001",TTU4J95,2026-01-09,1,16:28:00,"0  ",2026-04-24,7743,13:58:00,"0  ",2028-05-09,16:28:00,121,L,490.0,,0.0,0.0,,0.0,0.0,,600.0,,0.0,,,,"","",,,,,,,N,1,0.0,AS,0.0,,,0,0,,,184,N,,,,0.0,,59570.0,,,0.0,,,,E,,,"001",105,,S,,490.0,0.0,,,P,0.0,,2026-01-09 16:28:00.000,2026-04-24 13:58:00.000,2028-05-09 16:28:00.000,,,,7742
191,"00016726001",TTS8D17,2026-01-12,1,09:58:00,"0  ",2026-06-22,23408,11:51:00,"0  ",2028-05-12,09:58:00,121,L,455.0,,0.0,0.0,,0.0,0.0,,600.0,,0.0,,,,"","",,,,,,,N,1,0.0,AS,0.0,,,0,0,,,185,N,,,,0.0,,55315.0,,,0.0,,,,E,,,"001",161,,S,,455.0,0.0,,,P,0.0,,2026-01-12 09:58:00.000,2026-06-22 11:51:00.000,2028-05-12 09:58:00.000,,,,23407
192,"00016826001",TTE9G97,2026-01-13,6579,10:47:00,"0  ",,,,,2028-05-13,10:47:00,121,L,455.0,,0.0,0.0,,0.0,0.0,,600.0,,0.0,,,,"","",,,,,,,N,1,0.0,AS,0.0,,,0,0,,,186,N,,,,0.0,,55315.0,,,0.0,,,,A,,,"001",851,,S,,455.0,0.0,,,P,0.0,,2026-01-13 10:47:00.000,,2028-05-13 10:47:00.000,,,,0
193,"00016926001",TUQ3A48,2026-01-13,1,13:09:00,"0  ",2026-06-12,5863,16:47:00,"0  ",2028-05-13,13:09:00,121,L,455.0,,0.0,0.0,,0.0,0.0,,600.0,,0.0,,,,"","",,,,,,,N,1,0.0,AS,0.0,,,0,0,,,187,N,,,,0.0,,55315.0,,,0.0,,,,E,,,"001",150,,S,,455.0,0.0,,,P,0.0,,2026-01-13 13:09:00.000,2026-06-12 16:47:00.000,2028-05-13 13:09:00.000,,,,5862
194,"00017026001",TTQ9B53,2026-01-14,1775,11:30:00,"0  ",,,,,2028-05-14,11:30:00,121,L,490.0,,0.0,0.0,,0.0,0.0,,600.0,,0.0,,,,"","",,,,,,,N,1,0.0,AS,0.0,,,0,0,,,188,N,,,,0.0,,59570.0,,,0.0,,,,A,,,"001",851,,S,,490.0,0.0,,,P,0.0,,2026-01-14 11:30:00.000,,2028-05-14 11:30:00.000,,,,0
195,"00017126001",TTX2F24,2026-01-14,1,15:11:00,"0  ",2026-03-23,10176,16:14:00,"0  ",2028-05-14,15:11:00,121,L,455.0,,0.0,0.0,,0.0,0.0,,600.0,,0.0,,,,"","",,,,,,,N,1,0.0,AS,0.0,,,0,0,,,189,N,,,,0.0,,55315.0,,,0.0,,,,E,,,"001",68,,S,,455.0,0.0,,,P,0.0,,2026-01-14 15:11:00.000,2026-03-23 16:14:00.000,2028-05-14 15:11:00.000,,,,10175
196,"00001826001",TTV7H63,2026-01-15,1,09:54:00,"0  ",,,,,2028-05-15,09:54:00,121,L,455.0,,0.0,0.0,,0.0,0.0,,600.0,,0.0,,,,"","",,,,,,,N,4,0.0,AS,0.0,,,0,0,,,190,N,,,,0.0,,55315.0,,,0.0,,,,A,,,"001",851,,S,,455.0,0.0,,,P,0.0,,2026-01-15 09:54:00.000,,2028-05-15 09:54:00.000,,,,0
197,"00001926001",TUI3A82,2026-01-15,1,14:28:00,"0  ",2026-02-24,3734,14:29:00,"0  ",2028-05-15,14:28:00,121,L,455.0,,0.0,0.0,,0.0,0.0,,600.0,,0.0,,,,"","",,,,,,,N,4,0.0,AS,0.0,,,0,0,,,191,N,,,,0.0,,55315.0,,,0.0,,,,E,,,"001",40,,S,,455.0,0.0,,,P,0.0,,2026-01-15 14:28:00.000,2026-02-24 14:29:00.000,2028-05-15 14:28:00.000,,,,3733
198,"00017226001",TTZ5F81,2026-01-19,1,09:15:00,"0  ",,,,,2028-05-19,09:15:00,121,L,455.0,,0.0,0.0,,0.0,0.0,,600.0,,0.0,,,,"","",,,,,,,N,1,0.0,AS,0.0,,,0,0,,,192,N,,,,0.0,,55315.0,,,0.0,,,,A,,,"001",851,,S,,455.0,0.0,,,P,0.0,,2026-01-19 09:15:00.000,,2028-05-19 09:15:00.000,,,,0
199,"00017326001",TUG2E83,2026-01-21,9304,10:26:00,"0  ",2026-02-04,9402,12:41:00,"0  ",2028-05-21,10:26:00,121,L,455.0,,0.0,0.0,,0.0,0.0,,600.0,,0.0,,,,"","",,,,,,,N,1,0.0,AS,0.0,,,0,0,,,193,N,,,,0.0,,55315.0,,,0.0,,,,E,,,"001",14,,S,,455.0,0.0,,,P,0.0,,2026-01-21 10:26:00.000,2026-02-04 12:41:00.000,2028-05-21 10:26:00.000,,,,98
200,"00002026001",TTA4G85,2026-01-26,1,11:45:00,"0  ",2026-03-11,4800,14:42:00,"0  ",2028-05-26,11:45:00,121,L,455.0,,0.0,0.0,,0.0,0.0,,600.0,,0.0,,,,"","",,,,,,,N,4,0.0,AS,0.0,,,0,0,,,194,N,,,,0.0,,55315.0,,,0.0,,,,E,,,"001",44,,S,,455.0,0.0,,,P,0.0,,2026-01-26 11:45:00.000,2026-03-11 14:42:00.000,2028-05-26 11:45:00.000,,,,4799
201,"00017426001",TUK3C10,2026-01-29,1,16:52:00,"0  ",,,,,2028-05-29,16:52:00,121,L,455.0,,0.0,0.0,,0.0,0.0,,600.0,,0.0,,,,"","",,,,,,,N,1,0.0,AS,0.0,,,0,0,,,195,N,,,,0.0,,55315.0,,,0.0,,,,A,,,"001",851,,S,,455.0,0.0,,,P,0.0,,2026-01-29 16:52:00.000,,2028-05-29 16:52:00.000,,,,0
202,"00017526001",TTY7B01,2026-01-30,1,14:27:00,"0  ",,,,,2028-05-30,14:27:00,121,L,455.0,,0.0,0.0,,0.0,0.0,,600.0,,0.0,,,,"","",,,,,,,N,1,0.0,AS,0.0,,,0,0,,,196,N,,,,0.0,,55315.0,,,0.0,,,,A,,,"001",851,,S,,455.0,0.0,,,P,0.0,,2026-01-30 14:27:00.000,,2028-05-30 14:27:00.000,,,,0
203,"00017626001",TTY7B00,2026-02-02,1,11:33:00,"0  ",2026-02-19,3204,09:37:00,"0  ",2028-06-02,11:33:00,121,L,455.0,,0.0,0.0,,0.0,0.0,,600.0,,0.0,,,,"","",,,,,,,N,1,0.0,AS,0.0,,,0,0,,,197,N,,,,0.0,,55315.0,,,0.0,,,,E,,,"001",17,,S,,455.0,0.0,,,P,0.0,,2026-02-02 11:33:00.000,2026-02-19 09:37:00.000,2028-06-02 11:33:00.000,,,,3203
204,"00002126001",TUF3A55,2026-02-02,1,15:22:00,"0  ",,,,,2028-06-02,15:22:00,121,L,455.0,,0.0,0.0,,0.0,0.0,,600.0,,0.0,,,,"","",,,,,,,N,4,0.0,AS,0.0,,,0,0,,,198,N,,,,0.0,,55315.0,,,0.0,,,,A,,,"001",851,,S,,455.0,0.0,,,P,0.0,,2026-02-02 15:22:00.000,,2028-06-02 15:22:00.000,,,,0
205,"00017726001",TTP7J19,2026-02-03,9048,10:03:00,"0  ",,,,,2028-06-03,10:03:00,121,L,455.0,,0.0,0.0,,0.0,0.0,,0.0,,0.0,,,,"","",,,,,,,N,1,0.0,AS,0.0,,,0,0,,,199,N,,,,0.0,,55315.0,,,0.0,,,,A,,,"001",851,,S,,455.0,0.0,,,P,0.0,,2026-02-03 10:03:00.000,,2028-06-03 10:03:00.000,,,,0
206,"00017826001",TUW0I31,2026-02-03,25225,10:26:00,"0  ",2026-05-13,30000,13:36:00,"0  ",2028-06-03,10:26:00,121,L,400.0,,0.0,0.0,,0.0,0.0,,600.0,,0.0,,,,"","",,,,,,,N,1,0.0,AS,0.0,,,0,0,,,200,N,,,,0.0,,48628.56,,,0.0,,,,E,,,"001",99,,S,,400.0,0.0,,,P,0.0,,2026-02-03 10:26:00.000,2026-05-13 13:36:00.000,2028-06-03 10:26:00.000,,,,4775
207,"00017926001",TTP8H57,2026-02-05,10832,12:04:00,"0  ",,,,,2028-06-05,12:04:00,121,L,455.0,,0.0,0.0,,0.0,0.0,,600.0,,0.0,,,,"","",,,,,,,N,1,0.0,AS,0.0,,,0,0,,,201,N,,,,0.0,,55315.0,,,0.0,,,,A,,,"001",851,,S,,455.0,0.0,,,P,0.0,,2026-02-05 12:04:00.000,,2028-06-05 12:04:00.000,,,,0
208,"00002226001",TTX2J91,2026-02-05,7199,13:25:00,"0  ",,,,,2028-06-05,13:25:00,121,L,490.0,,0.0,0.0,,0.0,0.0,,600.0,,0.0,,,,"","",,,,,,,N,4,0.0,AS,0.0,,,0,0,,,202,N,,,,0.0,,59570.0,,,0.0,,,,A,,,"001",851,,S,,490.0,0.0,,,P,0.0,,2026-02-05 13:25:00.000,,2028-06-05 13:25:00.000,,,,0
209,"00018026001",TTO6D20,2026-02-05,11536,15:18:00,"0  ",2026-03-03,20000,11:39:00,"0  ",2028-06-05,15:18:00,121,L,455.0,,0.0,0.0,,0.0,0.0,,290.0,,0.0,,,,"","",,,,,,,N,1,0.0,AS,0.0,,,0,0,,,203,N,,,,0.0,,55315.0,,,0.0,,,,E,,,"001",26,,S,,455.0,0.0,,,P,0.0,,2026-02-05 15:18:00.000,2026-03-03 11:39:00.000,2028-06-05 15:18:00.000,,,,8464
210,"00002326001",TTY7B05,2026-02-06,1,13:15:00,"0  ",,,,,2028-06-06,13:15:00,121,L,455.0,,0.0,0.0,,0.0,0.0,,600.0,,0.0,,,,"","",,,,,,,N,4,0.0,AS,0.0,,,0,0,,,204,N,,,,0.0,,55315.0,,,0.0,,,,A,,,"001",851,,S,,455.0,0.0,,,P,0.0,,2026-02-06 13:15:00.000,,2028-06-06 13:15:00.000,,,,0
211,"00018126001",TTL9J66,2026-02-06,14343,13:54:00,"0  ",2026-03-11,16000,11:58:00,"0  ",2028-06-06,13:54:00,121,L,455.0,,0.0,0.0,,0.0,0.0,,600.0,,0.0,,,,"","",,,,,,,N,1,0.0,AS,0.0,,,0,0,,,205,N,,,,0.0,,55315.0,,,0.0,,,,E,,,"001",33,,S,,455.0,0.0,,,P,0.0,,2026-02-06 13:54:00.000,2026-03-11 11:58:00.000,2028-06-06 13:54:00.000,,,,1657
212,"00018226001",TTR6G26,2026-02-10,19118,11:35:00,"0  ",2026-04-28,38965,12:38:00,"0  ",2028-06-10,11:35:00,121,L,455.0,,0.0,0.0,,0.0,0.0,,600.0,,0.0,,,,"","",,,,,,,N,1,0.0,AS,0.0,,,0,0,,,206,N,,,,0.0,,55315.0,,,0.0,,,,E,,,"001",77,,S,,455.0,0.0,,,P,0.0,,2026-02-10 11:35:00.000,2026-04-28 12:38:00.000,2028-06-10 11:35:00.000,,,,19847
213,"00018326001",TUL3C96,2026-02-10,1,14:33:00,"0  ",,,,,2028-06-10,14:33:00,121,L,455.0,,0.0,0.0,,0.0,0.0,,600.0,,0.0,,,,"","",,,,,,,N,1,0.0,AS,0.0,,,0,0,,,207,N,,,,0.0,,55315.0,,,0.0,,,,A,,,"001",851,,S,,455.0,0.0,,,P,0.0,,2026-02-10 14:33:00.000,,2028-06-10 14:33:00.000,,,,0
214,"00018426001",TUS3E05,2026-02-10,1,16:20:00,"0  ",,,,,2028-06-10,16:20:00,121,L,455.0,,0.0,0.0,,0.0,0.0,,600.0,,0.0,,,,"","",,,,,,,N,1,0.0,AS,0.0,,,0,0,,,208,N,,,,0.0,,55315.0,,,0.0,,,,A,,,"001",851,,S,,455.0,0.0,,,P,0.0,,2026-02-10 16:20:00.000,,2028-06-10 16:20:00.000,,,,0
215,"00018526001",TUM3D27,2026-02-19,1,10:15:00,"0  ",2026-06-01,11055,11:47:00,"0  ",2028-06-19,10:15:00,121,L,455.0,,0.0,0.0,,0.0,0.0,,600.0,,0.0,,,,"","",,,,,,,N,1,0.0,AS,0.0,,,0,0,,,209,N,,,,0.0,,55315.0,,,0.0,,,,E,,,"001",102,,S,,455.0,0.0,,,P,0.0,,2026-02-19 10:15:00.000,2026-06-01 11:47:00.000,2028-06-19 10:15:00.000,,,,11054
216,"00018626001",TTY7B00,2026-02-19,3204,10:53:00,"0  ",2026-04-13,12000,11:51:00,"0  ",2028-06-19,10:53:00,121,L,455.0,,0.0,0.0,,0.0,0.0,,600.0,,0.0,,,,"","",,,,,,,N,1,0.0,AS,0.0,,,0,0,,,210,N,,,,0.0,,55315.0,,,0.0,,,,E,,,"001",53,,S,,455.0,0.0,,,P,0.0,,2026-02-19 10:53:00.000,2026-04-13 11:51:00.000,2028-06-19 10:53:00.000,,,,8796
217,"00018726001",TTN9H02,2026-02-19,30568,12:32:00,"0  ",,,,,2028-06-19,12:32:00,121,L,400.0,,0.0,0.0,,0.0,0.0,,600.0,,0.0,,,,"","",,,,,,,N,1,0.0,AS,0.0,,,0,0,,,211,N,,,,0.0,,48628.56,,,0.0,,,,A,,,"001",851,,S,,400.0,0.0,,,P,0.0,,2026-02-19 12:32:00.000,,2028-06-19 12:32:00.000,,,,0
218,"00018826001",TTT3G87,2026-02-20,29003,15:24:00,"0  ",2026-04-28,36766,13:13:00,"0  ",2028-06-20,15:24:00,121,L,400.0,,0.0,0.0,,0.0,0.0,,600.0,,0.0,,,,"","",,,,,,,N,1,0.0,AS,0.0,,,0,0,,,212,N,,,,0.0,,48628.56,,,0.0,,,,E,,,"001",67,,S,,400.0,0.0,,,P,0.0,,2026-02-20 15:24:00.000,2026-04-28 13:13:00.000,2028-06-20 15:24:00.000,,,,7763
219,"00018926001",TTQ6J07,2026-02-23,10802,12:22:00,"0  ",2026-04-24,10802,11:20:00,"0  ",2028-06-23,12:22:00,121,L,455.0,,0.0,0.0,,0.0,0.0,,600.0,,0.0,,,,"","",,,,,,,N,1,0.0,AS,0.0,,,0,0,,,213,N,,,,0.0,,55315.0,,,0.0,,,,E,,,"001",60,,S,,455.0,0.0,,,P,0.0,,2026-02-23 12:22:00.000,2026-04-24 11:20:00.000,2028-06-23 12:22:00.000,,,,0
220,"00019026001",TTG7I14,2026-02-24,31572,09:51:00,"0  ",,,,,2028-06-20,09:51:00,121,L,400.0,,0.0,0.0,,0.0,0.0,,600.0,,0.0,,,,"","",,,,,,,N,1,0.0,AS,0.0,,,0,0,,,214,N,,,,0.0,,48457.14,,,0.0,,,,A,,,"001",847,,S,,400.0,0.0,,,P,0.0,,2026-02-24 09:51:00.000,,2028-06-20 09:51:00.000,,,,0
221,"00019126001",TTW9J04,2026-02-25,1,13:09:00,"0  ",2026-04-13,4562,13:58:00,"0  ",2028-06-25,13:09:00,121,L,455.0,,0.0,0.0,,0.0,0.0,,600.0,,0.0,,,,"","",,,,,,,N,1,0.0,AS,0.0,,,0,0,,,215,N,,,,0.0,,55315.0,,,0.0,,,,E,,,"001",47,,S,,455.0,0.0,,,P,0.0,,2026-02-25 13:09:00.000,2026-04-13 13:58:00.000,2028-06-25 13:09:00.000,,,,4561
222,"00019226001",TTI0B81,2026-03-02,47910,13:53:00,"0  ",2026-06-15,51847,11:07:00,"0  ",2028-07-02,13:53:00,121,L,350.0,,0.0,0.0,,0.0,0.0,,600.0,,0.0,,,,"","",,,,,,,N,1,0.0,AS,0.0,,,0,0,,,216,N,,,,0.0,,42650.0,,,0.0,,,,E,,,"001",105,,S,,350.0,0.0,,,P,0.0,,2026-03-02 13:53:00.000,2026-06-15 11:07:00.000,2028-07-02 13:53:00.000,,,,3937
223,"00019326001",TUA6D19,2026-03-02,1,16:09:00,"0  ",2026-04-09,2542,15:39:00,"0  ",2028-07-02,16:09:00,121,L,455.0,,0.0,0.0,,0.0,0.0,,600.0,,0.0,,,,"","",,,,,,,N,1,0.0,AS,0.0,,,0,0,,,217,N,,,,0.0,,55445.0,,,0.0,,,,E,,,"001",38,,S,,455.0,0.0,,,P,0.0,,2026-03-02 16:09:00.000,2026-04-09 15:39:00.000,2028-07-02 16:09:00.000,,,,2541
224,"00002426001",TUI3A82,2026-03-03,3734,13:48:00,"0  ",2026-04-08,12905,11:35:00,"0  ",2028-07-03,13:48:00,121,L,455.0,,0.0,0.0,,0.0,0.0,,600.0,,0.0,,,,"","",,,,,,,N,4,0.0,AS,0.0,,,0,0,,,218,N,,,,0.0,,55445.0,,,0.0,,,,E,,,"001",36,,S,,455.0,0.0,,,P,0.0,,2026-03-03 13:48:00.000,2026-04-08 11:35:00.000,2028-07-03 13:48:00.000,,,,9171
225,"00019426001",TTX9G71,2026-03-04,1,09:40:00,"0  ",2026-05-05,3000,11:56:00,"0  ",2028-07-04,09:40:00,121,L,455.0,,0.0,0.0,,0.0,0.0,,600.0,,0.0,,,,"","",,,,,,,N,1,0.0,AS,0.0,,,0,0,,,219,N,,,,0.0,,55445.0,,,0.0,,,,E,,,"001",62,,S,,455.0,0.0,,,P,0.0,,2026-03-04 09:40:00.000,2026-05-05 11:56:00.000,2028-07-04 09:40:00.000,,,,2999
226,"00002526001",TTT9I67,2026-03-04,5823,16:05:00,"0  ",,,,,2028-07-04,16:05:00,121,L,490.0,,0.0,0.0,,0.0,0.0,,600.0,,0.0,,,,"","",,,,,,,N,4,0.0,AS,0.0,,,0,0,,,220,N,,,,0.0,,59710.0,,,0.0,,,,A,,,"001",853,,S,,490.0,0.0,,,P,0.0,,2026-03-04 16:05:00.000,,2028-07-04 16:05:00.000,,,,0
227,"00019526001",TTX5I35,2026-03-07,4052,08:24:00,"0  ",,,,,2028-07-07,08:24:00,121,L,490.0,,0.0,0.0,,0.0,0.0,,600.0,,0.0,,,,"","",,,,,,,N,1,0.0,AS,0.0,,,0,0,,,221,N,,,,0.0,,59710.0,,,0.0,,,,A,,,"001",853,,S,,490.0,0.0,,,P,0.0,,2026-03-07 08:24:00.000,,2028-07-07 08:24:00.000,,,,0
228,"00019626001",TUD3D85,2026-03-09,1,12:12:00,"0  ",,,,,2028-07-09,12:12:00,121,L,455.0,,0.0,0.0,,0.0,0.0,,600.0,,0.0,,,,"","",,,,,,,N,1,0.0,AS,0.0,,,0,0,,,222,N,,,,0.0,,55445.0,,,0.0,,,,A,,,"001",853,,S,,455.0,0.0,,,P,0.0,,2026-03-09 12:12:00.000,,2028-07-09 12:12:00.000,,,,0
229,"00019726001",TTW9I88,2026-03-09,1,16:31:00,"0  ",,,,,2028-07-09,16:31:00,121,L,455.0,,0.0,0.0,,0.0,0.0,,600.0,,0.0,,,,"","",,,,,,,N,1,0.0,AS,0.0,,,0,0,,,223,N,,,,0.0,,55445.0,,,0.0,,,,A,,,"001",853,,S,,455.0,0.0,,,P,0.0,,2026-03-09 16:31:00.000,,2028-07-09 16:31:00.000,,,,0
230,"00019826001",TUB6H19,2026-03-12,1,15:27:00,"0  ",,,,,2028-07-12,15:27:00,121,L,500.0,,0.0,0.0,,0.0,0.0,,1000.0,,0.0,,,,"","",,,,,,,N,1,0.0,AS,0.0,,,0,0,,,224,N,,,,0.0,,60928.58,,,0.0,,,,A,,,"001",853,,S,,500.0,0.0,,,P,0.0,,2026-03-12 15:27:00.000,,2028-07-12 15:27:00.000,,,,0
231,"00019926001",TUD4E12,2026-03-13,1,15:40:00,"0  ",,,,,2028-07-13,15:40:00,121,L,455.0,,0.0,0.0,,0.0,0.0,,600.0,,0.0,,,,"","",,,,,,,N,1,0.0,AS,0.0,,,0,0,,,225,N,,,,0.0,,55445.0,,,0.0,,,,A,,,"001",853,,S,,455.0,0.0,,,P,0.0,,2026-03-13 15:40:00.000,,2028-07-13 15:40:00.000,,,,0
232,"00020026001",TUG2E83,2026-03-16,9402,16:06:00,"0  ",,,,,2028-07-16,16:06:00,121,L,455.0,,0.0,0.0,,0.0,0.0,,600.0,,0.0,,,,"","",,,,,,,N,1,0.0,AS,0.0,,,0,0,,,226,N,,,,0.0,,55445.0,,,0.0,,,,C,,,"001",853,,S,,455.0,0.0,,,P,0.0,,2026-03-16 16:06:00.000,,2028-07-16 16:06:00.000,,,,0
233,"00002626001",TUB6J82,2026-03-17,1,13:11:00,"0  ",2026-05-14,9055,15:58:00,"0  ",2028-07-17,13:11:00,121,L,455.0,,0.0,0.0,,0.0,0.0,,600.0,,0.0,,,,"","",,,,,,,N,4,0.0,AS,0.0,,,0,0,,,227,N,,,,0.0,,55445.0,,,0.0,,,,E,,,"001",58,,S,,455.0,0.0,,,P,0.0,,2026-03-17 13:11:00.000,2026-05-14 15:58:00.000,2028-07-17 13:11:00.000,,,,9054
234,"00020126001",TTY5H60,2026-03-17,9681,15:07:00,"0  ",,,,,2028-07-17,15:07:00,121,L,490.0,,0.0,0.0,,0.0,0.0,,600.0,,0.0,,,,"","",,,,,,,N,1,0.0,AS,0.0,,,0,0,,,228,N,,,,0.0,,59710.0,,,0.0,,,,A,,,"001",853,,S,,490.0,0.0,,,P,0.0,,2026-03-17 15:07:00.000,,2028-07-17 15:07:00.000,,,,0
235,"00002726001",TTA4G85,2026-03-17,4833,15:48:00,"0  ",2026-04-08,7889,15:41:00,"0  ",2028-07-17,15:48:00,121,L,455.0,,0.0,0.0,,0.0,0.0,,600.0,,0.0,,,,"","",,,,,,,N,4,0.0,AS,0.0,,,0,0,,,229,N,,,,0.0,,55445.0,,,0.0,,,,E,,,"001",22,,S,,455.0,0.0,,,P,0.0,,2026-03-17 15:48:00.000,2026-04-08 15:41:00.000,2028-07-17 15:48:00.000,,,,3056
236,"00020226001",TTB7E69,2026-03-17,1,16:25:00,"0  ",,,,,2028-07-17,16:25:00,121,L,500.0,,0.0,0.0,,0.0,0.0,,1000.0,,0.0,,,,"","",,,,,,,N,1,0.0,AS,0.0,,,0,0,,,230,N,,,,0.0,,60928.58,,,0.0,,,,A,,,"001",853,,S,,500.0,0.0,,,P,0.0,,2026-03-17 16:25:00.000,,2028-07-17 16:25:00.000,,,,0
237,"00002826001",TUD5C49,2026-03-17,1,16:43:00,"0  ",,,,,2028-07-17,16:43:00,121,L,455.0,,0.0,0.0,,0.0,0.0,,600.0,,0.0,,,,"","",,,,,,,N,4,0.0,AS,0.0,,,0,0,,,231,N,,,,0.0,,55445.0,,,0.0,,,,A,,,"001",853,,S,,455.0,0.0,,,P,0.0,,2026-03-17 16:43:00.000,,2028-07-17 16:43:00.000,,,,0
238,"00002926001",TUD5C52,2026-03-18,1,12:42:00,"0  ",2026-04-22,6182,17:00:00,"0  ",2028-07-18,12:42:00,121,L,455.0,,0.0,0.0,,0.0,0.0,,600.0,,0.0,,,,"","",,,,,,,N,4,0.0,AS,0.0,,,0,0,,,232,N,,,,0.0,,55445.0,,,0.0,,,,E,,,"001",35,,S,,455.0,0.0,,,P,0.0,,2026-03-18 12:42:00.000,2026-04-22 17:00:00.000,2028-07-18 12:42:00.000,,,,6181
239,"00020326001",TTR8I37,2026-03-20,18867,09:58:00,"0  ",2026-05-06,20700,11:53:00,"0  ",2028-07-27,09:58:00,122,L,490.0,,0.0,0.0,,0.0,0.0,,0.0,,0.0,,,,"","",,,,,,,N,1,0.0,AS,0.0,,,0,0,,,233,N,,,,0.0,,60200.0,,,0.0,,,,E,,,"001",47,,S,,490.0,0.0,,,P,0.0,,2026-03-20 09:58:00.000,2026-05-06 11:53:00.000,2028-07-27 09:58:00.000,,,,1833
240,"00003026001",TUE5E88,2026-03-23,1,09:31:00,"0  ",,,,,2028-07-23,09:31:00,121,L,455.0,,0.0,0.0,,0.0,0.0,,600.0,,0.0,,,,"","",,,,,,,N,4,0.0,AS,0.0,,,0,0,,,234,N,,,,0.0,,55445.0,,,0.0,,,,A,,,"001",853,,S,,455.0,0.0,,,P,0.0,,2026-03-23 09:31:00.000,,2028-07-23 09:31:00.000,,,,0
241,"00020426001",TUG2E83,2026-03-25,9402,16:36:00,"0  ",,,,,2028-07-25,16:36:00,121,L,455.0,,0.0,0.0,,0.0,0.0,,600.0,,0.0,,,,"","",,,,,,,N,1,0.0,AS,0.0,,,0,0,,,235,N,,,,0.0,,55445.0,,,0.0,,,,A,,,"001",853,,S,,455.0,0.0,,,P,0.0,,2026-03-25 16:36:00.000,,2028-07-25 16:36:00.000,,,,0
242,"00020526001",TUX3G61,2026-03-26,1,15:07:00,"0  ",,,,,2028-07-26,15:07:00,121,L,500.0,,0.0,0.0,,0.0,0.0,,1000.0,,0.0,,,,"","",,,,,,,N,1,0.0,AS,0.0,,,0,0,,,236,N,,,,0.0,,60928.58,,,0.0,,,,A,,,"001",853,,S,,500.0,0.0,,,P,0.0,,2026-03-26 15:07:00.000,,2028-07-26 15:07:00.000,,,,0
243,"00003126001",TUT3G43,2026-03-26,1,16:30:00,"0  ",,,,,2028-07-26,16:30:00,121,L,455.0,,0.0,0.0,,0.0,0.0,,600.0,,0.0,,,,"","",,,,,,,N,4,0.0,AS,0.0,,,0,0,,,237,N,,,,0.0,,55445.0,,,0.0,,,,A,,,"001",853,,S,,455.0,0.0,,,P,0.0,,2026-03-26 16:30:00.000,,2028-07-26 16:30:00.000,,,,0
244,"00020626001",TUG4J47,2026-03-27,1,09:59:00,"0  ",,,,,2028-07-27,09:59:00,121,L,500.0,,0.0,0.0,,0.0,0.0,,1000.0,,0.0,,,,"","",,,,,,,N,1,0.0,AS,0.0,,,0,0,,,238,N,,,,0.0,,60928.58,,,0.0,,,,A,,,"001",853,,S,,500.0,0.0,,,P,0.0,,2026-03-27 09:59:00.000,,2028-07-27 09:59:00.000,,,,0
245,"00003226001",TUR3F93,2026-03-27,1,16:27:00,"0  ",,,,,2028-07-27,16:27:00,121,L,455.0,,0.0,0.0,,0.0,0.0,,600.0,,0.0,,,,"","",,,,,,,N,4,0.0,AS,0.0,,,0,0,,,239,N,,,,0.0,,55445.0,,,0.0,,,,C,,,"001",853,,S,,455.0,0.0,,,P,0.0,,2026-03-27 16:27:00.000,,2028-07-27 16:27:00.000,,,,0
246,"00003326001",TUA8H20,2026-03-27,1,16:37:00,"0  ",2026-06-02,1,14:27:00,"0  ",2028-07-27,16:37:00,121,L,455.0,,0.0,0.0,,0.0,0.0,,600.0,,0.0,,,,"","",,,,,,,N,4,0.0,AS,0.0,,,0,0,,,240,N,,,,0.0,,55445.0,,,0.0,,,,E,,,"001",67,,S,,455.0,0.0,,,P,0.0,,2026-03-27 16:37:00.000,2026-06-02 14:27:00.000,2028-07-27 16:37:00.000,,,,0
247,"00003426001",TUB7C40,2026-03-31,1,10:18:00,"0  ",,,,,2028-07-31,10:18:00,121,L,455.0,,0.0,0.0,,0.0,0.0,,600.0,,0.0,,,,"","",,,,,,,N,4,0.0,AS,0.0,,,0,0,,,241,N,,,,0.0,,55445.0,,,0.0,,,,C,,,"001",853,,S,,455.0,0.0,,,P,0.0,,2026-03-31 10:18:00.000,,2028-07-31 10:18:00.000,,,,0
248,"00003426001",TUG5E48,2026-03-31,1,11:18:00,"0  ",,,,,2028-07-31,11:18:00,121,L,455.0,,0.0,0.0,,0.0,0.0,,600.0,,0.0,,,,"","",,,,,,,N,4,0.0,AS,0.0,,,0,0,,,241,N,,,,0.0,,55445.0,,,0.0,,,,A,,,"001",853,,S,,455.0,0.0,,, ,0.0,,2026-03-31 11:18:00.000,,2028-07-31 11:18:00.000,,,,0
249,"00020726001",TTX2F24,2026-03-31,10176,16:17:00,"0  ",,,,,2028-07-31,16:17:00,121,L,455.0,,0.0,0.0,,0.0,0.0,,600.0,,0.0,,,,"","",,,,,,,N,1,0.0,AS,0.0,,,0,0,,,242,N,,,,0.0,,55445.0,,,0.0,,,,A,,,"001",853,,S,,455.0,0.0,,,P,0.0,,2026-03-31 16:17:00.000,,2028-07-31 16:17:00.000,,,,0
250,"00003526001",TUD5E94,2026-04-01,1,10:49:00,"0  ",,,,,2028-08-01,10:49:00,121,L,455.0,,0.0,0.0,,0.0,0.0,,600.0,,0.0,,,,"","",,,,,,,N,4,0.0,AS,0.0,,,0,0,,,243,N,,,,0.0,,55445.0,,,0.0,,,,A,,,"001",853,,S,,455.0,0.0,,,P,0.0,,2026-04-01 10:49:00.000,,2028-08-01 10:49:00.000,,,,0
251,"00020826001",TUC7J46,2026-04-01,1,16:06:00,"0  ",,,,,2028-08-01,16:06:00,121,L,500.0,,0.0,0.0,,0.0,0.0,,1000.0,,0.0,,,,"","",,,,,,,N,1,0.0,AS,0.0,,,0,0,,,244,N,,,,0.0,,60928.58,,,0.0,,,,A,,,"001",853,,S,,500.0,0.0,,,P,0.0,,2026-04-01 16:06:00.000,,2028-08-01 16:06:00.000,,,,0
252,"00003626001",TUA8H22,2026-04-02,1,14:45:00,"0  ",2026-04-28,4952,16:03:00,"0  ",2028-08-02,14:45:00,121,L,455.0,,0.0,0.0,,0.0,0.0,,600.0,,0.0,,,,"","",,,,,,,N,4,0.0,AS,0.0,,,0,0,,,245,N,,,,0.0,,55445.0,,,0.0,,,,E,,,"001",26,,S,,0.0,455.0,,,P,0.0,,2026-04-02 14:45:00.000,2026-04-28 16:03:00.000,2028-08-02 14:45:00.000,,,,4951
253,"00020926001",TUF6G06,2026-04-06,1,16:07:00,"0  ",2026-07-02,9721,16:12:00,"0  ",2028-08-06,16:07:00,121,L,500.0,,0.0,0.0,,0.0,0.0,,1000.0,,0.0,,,,"","",,,,,,,N,1,0.0,AS,0.0,,,0,0,,,246,N,,,,0.0,,60928.58,,,0.0,,,,E,,,"001",87,,S,,500.0,0.0,,,P,0.0,,2026-04-06 16:07:00.000,2026-07-02 16:12:00.000,2028-08-06 16:07:00.000,,,,9720
254,"00003726001",TTW5C38,2026-04-07,14646,09:23:00,"0  ",2026-04-20,15149,11:00:00,"0  ",2028-08-07,09:23:00,121,L,420.0,,0.0,0.0,,0.0,0.0,,600.0,,0.0,,,,"","",,,,,,,N,4,0.0,AS,0.0,,,0,0,,,247,N,,,,0.0,,51180.0,,,0.0,,,,E,,,"001",13,,S,,420.0,0.0,,,P,0.0,,2026-04-07 09:23:00.000,2026-04-20 11:00:00.000,2028-08-07 09:23:00.000,,,,503
255,"00021026001",TUU3H60,2026-04-07,1,10:05:00,"0  ",,,,,2028-08-07,10:05:00,121,L,500.0,,0.0,0.0,,0.0,0.0,,1000.0,,0.0,,,,"","",,,,,,,N,1,0.0,AS,0.0,,,0,0,,,248,N,,,,0.0,,60928.58,,,0.0,,,,A,,,"001",853,,S,,500.0,0.0,,,P,0.0,,2026-04-07 10:05:00.000,,2028-08-07 10:05:00.000,,,,0
256,"00003826001",TUR3F93,2026-04-07,1,15:18:00,"0  ",,,,,2028-08-07,15:18:00,121,L,455.0,,0.0,0.0,,0.0,0.0,,600.0,,0.0,,,,"","",,,,,,,N,4,0.0,AS,0.0,,,0,0,,,249,N,,,,0.0,,55445.0,,,0.0,,,,A,,,"001",853,,S,,455.0,0.0,,,P,0.0,,2026-04-07 15:18:00.000,,2028-08-07 15:18:00.000,,,,0
257,"00003926001",TUB7C40,2026-04-08,1,14:35:00,"0  ",2026-06-17,9874,16:04:00,"0  ",2028-08-08,14:35:00,121,L,455.0,,0.0,0.0,,0.0,0.0,,600.0,,0.0,,,,"","",,,,,,,N,4,0.0,AS,0.0,,,0,0,,,250,N,,,,0.0,,55445.0,,,0.0,,,,E,,,"001",70,,S,,455.0,0.0,,,P,0.0,,2026-04-08 14:35:00.000,2026-06-17 16:04:00.000,2028-08-08 14:35:00.000,,,,9873
258,"00004026001",TTA4G85,2026-04-08,7889,15:46:00,"0  ",,,,,2028-08-08,15:46:00,121,L,455.0,,0.0,0.0,,0.0,0.0,,600.0,,0.0,,,,"","",,,,,,,N,4,0.0,AS,0.0,,,0,0,,,251,N,,,,0.0,,55445.0,,,0.0,,,,A,,,"001",853,,S,,455.0,0.0,,,P,0.0,,2026-04-08 15:46:00.000,,2028-08-08 15:46:00.000,,,,0
259,"00004126001",TUC7J96,2026-04-09,1,12:33:00,"0  ",2026-06-05,9162,11:07:00,"0  ",2028-08-09,12:33:00,121,L,455.0,,0.0,0.0,,0.0,0.0,,600.0,,0.0,,,,"","",,,,,,,N,4,0.0,AS,0.0,,,0,0,,,252,N,,,,0.0,,55445.0,,,0.0,,,,E,,,"001",57,,S,,455.0,0.0,,,P,0.0,,2026-04-09 12:33:00.000,2026-06-05 11:07:00.000,2028-08-09 12:33:00.000,,,,9161
260,"00021126001",TUA6D19,2026-04-09,2542,15:42:00,"0  ",,,,,2028-08-09,15:42:00,121,L,455.0,,0.0,0.0,,0.0,0.0,,600.0,,0.0,,,,"","",,,,,,,N,1,0.0,AS,0.0,,,0,0,,,253,N,,,,0.0,,55445.0,,,0.0,,,,A,,,"001",853,,S,,455.0,0.0,,,P,0.0,,2026-04-09 15:42:00.000,,2028-08-09 15:42:00.000,,,,0
261,"00004226001",TUF6G10,2026-04-10,1,12:25:00,"0  ",,,,,2028-08-10,12:25:00,121,L,455.0,,0.0,0.0,,0.0,0.0,,600.0,,0.0,,,,"","",,,,,,,N,4,0.0,AS,0.0,,,0,0,,,254,N,,,,0.0,,55445.0,,,0.0,,,,A,,,"001",853,,S,,0.0,455.0,,,P,0.0,,2026-04-10 12:25:00.000,,2028-08-10 12:25:00.000,,,,0
262,"00004326001",TUB8D61,2026-04-10,1,13:44:00,"0  ",,,,,2028-08-10,13:44:00,121,L,455.0,,0.0,0.0,,0.0,0.0,,600.0,,0.0,,,,"","",,,,,,,N,4,0.0,AS,0.0,,,0,0,,,255,N,,,,0.0,,55445.0,,,0.0,,,,A,,,"001",853,,S,,455.0,0.0,,,P,0.0,,2026-04-10 13:44:00.000,,2028-08-10 13:44:00.000,,,,0
263,"00021226001",TUE7C43,2026-04-10,1,14:10:00,"0  ",,,,,2028-08-10,14:10:00,121,L,500.0,,0.0,0.0,,0.0,0.0,,1000.0,,0.0,,,,"","",,,,,,,N,1,0.0,AS,0.0,,,0,0,,,256,N,,,,0.0,,60928.58,,,0.0,,,,A,,,"001",853,,S,,500.0,0.0,,,P,0.0,,2026-04-10 14:10:00.000,,2028-08-10 14:10:00.000,,,,0
264,"00004426001",TUJ3G04,2026-04-13,1,10:53:00,"0  ",,,,,2028-08-13,10:53:00,121,L,455.0,,0.0,0.0,,0.0,0.0,,600.0,,0.0,,,,"","",,,,,,,N,4,0.0,AS,0.0,,,0,0,,,257,N,,,,0.0,,55445.0,,,0.0,,,,A,,,"001",853,,S,,455.0,0.0,,,P,0.0,,2026-04-13 10:53:00.000,,2028-08-13 10:53:00.000,,,,0
265,"00021326001",TTY7B00,2026-04-13,12000,12:33:00,"0  ",,,,,2028-08-13,12:33:00,121,L,400.0,,0.0,0.0,,0.0,0.0,,600.0,,0.0,,,,"","",,,,,,,N,1,0.0,AS,0.0,,,0,0,,,258,N,,,,0.0,,48742.84,,,0.0,,,,A,,,"001",853,,S,,400.0,0.0,,,P,0.0,,2026-04-13 12:33:00.000,,2028-08-13 12:33:00.000,,,,0
266,"00004526001",TUS3I14,2026-04-13,1,14:35:00,"0  ",,,,,2028-08-13,14:35:00,121,L,455.0,,0.0,0.0,,0.0,0.0,,600.0,,0.0,,,,"","",,,,,,,N,4,0.0,AS,0.0,,,0,0,,,259,N,,,,0.0,,55445.0,,,0.0,,,,A,,,"001",853,,S,,455.0,0.0,,,P,0.0,,2026-04-13 14:35:00.000,,2028-08-13 14:35:00.000,,,,0
267,"00021426001",TUC8G10,2026-04-13,1,15:33:00,"0  ",,,,,2028-08-13,15:33:00,121,L,500.0,,0.0,0.0,,0.0,0.0,,0.0,,0.0,,,,"","",,,,,,,N,1,0.0,AS,0.0,,,0,0,,,260,N,,,,0.0,,60928.58,,,0.0,,,,A,,,"001",853,,S,,500.0,0.0,,,P,0.0,,2026-04-13 15:33:00.000,,2028-08-13 15:33:00.000,,,,0
268,"00021526001",TUT2F42,2026-04-14,10086,11:17:00,"0  ",,,,,2028-08-14,11:17:00,121,L,420.0,,0.0,0.0,,0.0,0.0,,600.0,,0.0,,,,"","",,,,,,,N,1,0.0,AS,0.0,,,0,0,,,261,N,,,,0.0,,51180.0,,,0.0,,,,A,,,"001",853,,S,,420.0,0.0,,,P,0.0,,2026-04-14 11:17:00.000,,2028-08-14 11:17:00.000,,,,0
269,"00004626001",TUF7H28,2026-04-14,1,15:02:00,"0  ",2026-05-21,3289,11:34:00,"0  ",2028-08-14,15:02:00,121,L,455.0,,0.0,0.0,,0.0,0.0,,600.0,,0.0,,,,"","",,,,,,,N,4,0.0,AS,0.0,,,0,0,,,262,N,,,,0.0,,55445.0,,,0.0,,,,E,,,"001",37,,S,,455.0,0.0,,,P,0.0,,2026-04-14 15:02:00.000,2026-05-21 11:34:00.000,2028-08-14 15:02:00.000,,,,3288
270,"00021626001",TTO6D20,2026-04-14,20000,15:51:00,"0  ",2026-05-19,20001,16:05:00,"0  ",2028-08-14,15:51:00,121,L,400.0,,0.0,0.0,,0.0,0.0,,600.0,,0.0,,,,"","",,,,,,,N,1,0.0,AS,0.0,,,0,0,,,263,N,,,,0.0,,48742.84,,,0.0,,,,E,,,"001",35,,S,,400.0,0.0,,,P,0.0,,2026-04-14 15:51:00.000,2026-05-19 16:05:00.000,2028-08-14 15:51:00.000,,,,1
271,"00004726001",TUB8D59,2026-04-15,1,11:00:00,"0  ",2026-06-30,11188,16:59:00,"0  ",2028-08-15,11:00:00,121,L,455.0,,0.0,0.0,,0.0,0.0,,600.0,,0.0,,,,"","",,,,,,,N,4,0.0,AS,0.0,,,0,0,,,264,N,,,,0.0,,55445.0,,,0.0,,,,E,,,"001",76,,S,,455.0,0.0,,,P,0.0,,2026-04-15 11:00:00.000,2026-06-30 16:59:00.000,2028-08-15 11:00:00.000,,,,11187
272,"00021726001",TUE7C50,2026-04-15,1,14:00:00,"0  ",2026-06-02,3870,13:48:00,"0  ",2028-08-15,14:00:00,121,L,500.0,,0.0,0.0,,0.0,0.0,,1000.0,,0.0,,,,"","",,,,,,,N,1,0.0,AS,0.0,,,0,0,,,265,N,,,,0.0,,60928.58,,,0.0,,,,E,,,"001",48,,S,,500.0,0.0,,,P,0.0,,2026-04-15 14:00:00.000,2026-06-02 13:48:00.000,2028-08-15 14:00:00.000,,,,3869
273,"00004826001",TUC9B27,2026-04-15,1,14:05:00,"0  ",2026-05-21,3297,14:50:00,"0  ",2028-08-15,14:05:00,121,L,455.0,,0.0,0.0,,0.0,0.0,,600.0,,0.0,,,,"","",,,,,,,N,4,0.0,AS,0.0,,,0,0,,,266,N,,,,0.0,,55445.0,,,0.0,,,,E,,,"001",36,,S,,455.0,0.0,,,P,0.0,,2026-04-15 14:05:00.000,2026-05-21 14:50:00.000,2028-08-15 14:05:00.000,,,,3296
274,"00004926001",TUT3I80,2026-04-15,1,14:48:00,"0  ",,,,,2028-08-15,14:48:00,121,L,455.0,,0.0,0.0,,0.0,0.0,,600.0,,0.0,,,,"","",,,,,,,N,4,0.0,AS,0.0,,,0,0,,,267,N,,,,0.0,,55445.0,,,0.0,,,,A,,,"001",853,,S,,455.0,0.0,,,P,0.0,,2026-04-15 14:48:00.000,,2028-08-15 14:48:00.000,,,,0
275,"00005026001",TUB9E38,2026-04-15,1,16:37:00,"0  ",2026-06-02,8507,17:25:00,"0  ",2028-08-15,16:37:00,121,L,455.0,,0.0,0.0,,0.0,0.0,,600.0,,0.0,,,,"","",,,,,,,N,4,0.0,AS,0.0,,,0,0,,,268,N,,,,0.0,,55445.0,,,0.0,,,,E,,,"001",48,,S,,455.0,0.0,,,P,0.0,,2026-04-15 16:37:00.000,2026-06-02 17:25:00.000,2028-08-15 16:37:00.000,,,,8506
276,"00005126001",TUH4J10,2026-04-15,1,17:58:00,"0  ",2026-06-15,7347,12:51:00,"0  ",2028-08-15,17:58:00,121,L,455.0,,0.0,0.0,,0.0,0.0,,600.0,,0.0,,,,"","",,,,,,,N,4,0.0,AS,0.0,,,0,0,,,269,N,,,,0.0,,55445.0,,,0.0,,,,E,,,"001",61,,S,,455.0,0.0,,,P,0.0,,2026-04-15 17:58:00.000,2026-06-15 12:51:00.000,2028-08-15 17:58:00.000,,,,7346
277,"00005226001",TUE7H70,2026-04-16,1,09:25:00,"0  ",,,,,2028-08-16,09:25:00,121,L,455.0,,0.0,0.0,,0.0,0.0,,600.0,,0.0,,,,"","",,,,,,,N,4,0.0,AS,0.0,,,0,0,,,270,N,,,,0.0,,55445.0,,,0.0,,,,A,,,"001",853,,S,,455.0,0.0,,,P,0.0,,2026-04-16 09:25:00.000,,2028-08-16 09:25:00.000,,,,0
278,"00005326001",TUH5A71,2026-04-16,1,10:30:00,"0  ",2026-05-26,5791,11:29:00,"0  ",2028-08-16,10:30:00,121,L,455.0,,0.0,0.0,,0.0,0.0,,600.0,,0.0,,,,"","",,,,,,,N,4,0.0,AS,0.0,,,0,0,,,271,N,,,,0.0,,55445.0,,,0.0,,,,E,,,"001",40,,S,,455.0,0.0,,,P,0.0,,2026-04-16 10:30:00.000,2026-05-26 11:29:00.000,2028-08-16 10:30:00.000,,,,5790
279,"00005426001",TUE7H72,2026-04-16,1,13:14:00,"0  ",2026-06-30,18172,15:42:00,"0  ",2028-08-16,13:14:00,121,L,455.0,,0.0,0.0,,0.0,0.0,,600.0,,0.0,,,,"","",,,,,,,N,4,0.0,AS,0.0,,,0,0,,,272,N,,,,0.0,,55445.0,,,0.0,,,,E,,,"001",75,,S,,455.0,0.0,,,P,0.0,,2026-04-16 13:14:00.000,2026-06-30 15:42:00.000,2028-08-16 13:14:00.000,,,,18171
280,"00005526001",TUC9B54,2026-04-17,1,13:19:00,"0  ",2026-05-25,3608,15:12:00,"0  ",2028-08-17,13:19:00,121,L,455.0,,0.0,0.0,,0.0,0.0,,600.0,,0.0,,,,"","",,,,,,,N,4,0.0,AS,0.0,,,0,0,,,273,N,,,,0.0,,55445.0,,,0.0,,,,E,,,"001",38,,S,,455.0,0.0,,,P,0.0,,2026-04-17 13:19:00.000,2026-05-25 15:12:00.000,2028-08-17 13:19:00.000,,,,3607
281,"00021826001",TTW9J04,2026-04-17,4562,14:00:00,"0  ",,,,,2028-08-17,14:00:00,121,L,455.0,,0.0,0.0,,0.0,0.0,,600.0,,0.0,,,,"","",,,,,,,N,1,0.0,AS,0.0,,,0,0,,,274,N,,,,0.0,,55445.0,,,0.0,,,,A,,,"001",853,,S,,455.0,0.0,,,P,0.0,,2026-04-17 14:00:00.000,,2028-08-17 14:00:00.000,,,,0
282,"00021926001",TTO4I26,2026-04-18,35681,09:00:00,"0  ",,,,,2028-08-18,09:00:00,121,L,400.0,,0.0,0.0,,0.0,0.0,,0.0,,0.0,,,,"","",,,,,,,N,1,0.0,AS,0.0,,,0,0,,,275,N,,,,0.0,,48742.84,,,0.0,,,,C,,,"001",853,,S,,400.0,0.0,,,P,0.0,,2026-04-18 09:00:00.000,,2028-08-18 09:00:00.000,,,,0
283,"00022026001",TUG7H49,2026-04-18,1,10:00:00,"0  ",,,,,2028-08-18,10:00:00,121,L,500.0,,0.0,0.0,,0.0,0.0,,1000.0,,0.0,,,,"","",,,,,,,N,1,0.0,AS,0.0,,,0,0,,,276,N,,,,0.0,,60928.58,,,0.0,,,,A,,,"001",853,,S,,500.0,0.0,,,P,0.0,,2026-04-18 10:00:00.000,,2028-08-18 10:00:00.000,,,,0
284,"00022126001",TUP3H82,2026-04-20,1,10:09:00,"0  ",2026-05-25,4208,13:12:00,"0  ",2028-08-20,10:09:00,121,L,500.0,,0.0,0.0,,0.0,0.0,,1000.0,,0.0,,,,"","",,,,,,,N,1,0.0,AS,0.0,,,0,0,,,277,N,,,,0.0,,60928.58,,,0.0,,,,E,,,"001",35,,S,,500.0,0.0,,,P,0.0,,2026-04-20 10:09:00.000,2026-05-25 13:12:00.000,2028-08-20 10:09:00.000,,,,4207
285,"00022226001",TTE4F56,2026-04-20,21464,16:31:00,"0  ",,,,,2028-07-20,16:31:00,117,L,455.0,,0.0,0.0,,0.0,0.0,,0.0,,0.0,,,,"","",,,,,,,N,1,0.0,AS,0.0,,,0,0,,,278,N,,,,0.0,,53430.0,,,0.0,,,,C,,,"001",822,,S,,455.0,0.0,,,P,0.0,,2026-04-20 16:31:00.000,,2028-07-20 16:31:00.000,,,,0
286,"00022226001",TTO4I26,2026-04-20,18638,17:16:00,"0  ",2026-05-13,38744,10:53:00,"0  ",2028-07-20,17:16:00,117,L,455.0,,0.0,0.0,,0.0,0.0,,0.0,,0.0,,,,"","",,,,,,,N,1,0.0,AS,0.0,,,0,0,,,278,N,,,,0.0,,53430.0,,,0.0,,,,E,,,"001",23,,S,,455.0,0.0,,,P,0.0,,2026-04-20 17:16:00.000,2026-05-13 10:53:00.000,2028-07-20 17:16:00.000,,,,20106
287,"00005626001",TUC9B53,2026-04-22,1,10:17:00,"0  ",2026-05-21,2578,15:17:00,"0  ",2028-08-22,10:17:00,121,L,455.0,,0.0,0.0,,0.0,0.0,,600.0,,0.0,,,,"","",,,,,,,N,4,0.0,AS,0.0,,,0,0,,,279,N,,,,0.0,,55445.0,,,0.0,,,,E,,,"001",29,,S,,455.0,0.0,,,P,0.0,,2026-04-22 10:17:00.000,2026-05-21 15:17:00.000,2028-08-22 10:17:00.000,,,,2577
288,"00022326001",TUE1H61,2026-04-24,3487,10:50:00,"0  ",,,,,2028-08-24,10:50:00,121,L,455.0,,0.0,0.0,,0.0,0.0,,600.0,,0.0,,,,"","",,,,,,,N,1,0.0,AS,0.0,,,0,0,,,280,N,,,,0.0,,55445.0,,,0.0,,,,A,,,"001",853,,S,,455.0,0.0,,,P,0.0,,2026-04-24 10:50:00.000,,2028-08-24 10:50:00.000,,,,0
289,"00022426001",TTQ6J07,2026-04-24,24705,11:24:00,"0  ",,,,,2028-08-24,11:24:00,121,L,455.0,,0.0,0.0,,0.0,0.0,,600.0,,0.0,,,,"","",,,,,,,N,1,0.0,AS,0.0,,,0,0,,,281,N,,,,0.0,,55445.0,,,0.0,,,,A,,,"001",853,,S,,455.0,0.0,,,P,0.0,,2026-04-24 11:24:00.000,,2028-08-24 11:24:00.000,,,,0
290,"00022526001",TUC9B26,2026-04-24,1,12:29:00,"0  ",2026-05-18,1908,14:51:00,"0  ",2028-08-24,12:29:00,121,L,500.0,,0.0,0.0,,0.0,0.0,,1000.0,,0.0,,,,"","",,,,,,,N,1,0.0,AS,0.0,,,0,0,,,282,N,,,,0.0,,60928.58,,,0.0,,,,E,,,"001",24,,S,,500.0,0.0,,,P,0.0,,2026-04-24 12:29:00.000,2026-05-18 14:51:00.000,2028-08-24 12:29:00.000,,,,1907
291,"00005726001",TUE7I70,2026-04-24,1,13:47:00,"0  ",,,,,2028-08-24,13:47:00,121,L,455.0,,0.0,0.0,,0.0,0.0,,600.0,,0.0,,,,"","",,,,,,,N,4,0.0,AS,0.0,,,0,0,,,283,N,,,,0.0,,55445.0,,,0.0,,,,A,,,"001",853,,S,,455.0,0.0,,,P,0.0,,2026-04-24 13:47:00.000,,2028-08-24 13:47:00.000,,,,0
292,"00022626001",TTU4J95,2026-04-24,7743,14:23:00,"0  ",,,,,2028-08-24,14:23:00,121,L,490.0,,0.0,0.0,,0.0,0.0,,600.0,,0.0,,,,"","",,,,,,,N,1,0.0,AS,0.0,,,0,0,,,284,N,,,,0.0,,59710.0,,,0.0,,,,A,,,"001",853,,S,,490.0,0.0,,,P,0.0,,2026-04-24 14:23:00.000,,2028-08-24 14:23:00.000,,,,0
293,"00005826001",TUB9F42,2026-04-24,1,15:21:00,"0  ",2026-06-08,4889,13:11:00,"0  ",2028-08-24,15:21:00,121,L,455.0,,0.0,0.0,,0.0,0.0,,600.0,,0.0,,,,"","",,,,,,,N,4,0.0,AS,0.0,,,0,0,,,285,N,,,,0.0,,55445.0,,,0.0,,,,E,,,"001",45,,S,,455.0,0.0,,,P,0.0,,2026-04-24 15:21:00.000,2026-06-08 13:11:00.000,2028-08-24 15:21:00.000,,,,4888
294,"00005926001",TUI3A82,2026-04-27,12974,10:46:00,"0  ",,,,,2028-08-27,10:46:00,121,L,455.0,,0.0,0.0,,0.0,0.0,,600.0,,0.0,,,,"","",,,,,,,N,4,0.0,AS,0.0,,,0,0,,,286,N,,,,0.0,,55445.0,,,0.0,,,,A,,,"001",853,,S,,455.0,0.0,,,P,0.0,,2026-04-27 10:46:00.000,,2028-08-27 10:46:00.000,,,,0
295,"00006026001",TUE7I72,2026-04-29,1,12:02:00,"0  ",,,,,2028-08-29,12:02:00,121,L,455.0,,0.0,0.0,,0.0,0.0,,600.0,,0.0,,,,"","",,,,,,,N,4,0.0,AS,0.0,,,0,0,,,287,N,,,,0.0,,55445.0,,,0.0,,,,A,,,"001",853,,S,,455.0,0.0,,,P,0.0,,2026-04-29 12:02:00.000,,2028-08-29 12:02:00.000,,,,0
296,"00022726001",TUI4H41,2026-04-30,1,09:59:00,"0  ",,,,,2028-08-30,09:59:00,121,L,500.0,,0.0,0.0,,0.0,0.0,,1000.0,,0.0,,,,"","",,,,,,,N,1,0.0,AS,0.0,,,0,0,,,288,N,,,,0.0,,60928.58,,,0.0,,,,C,,,"001",853,,S,,500.0,0.0,,,P,0.0,,2026-04-30 09:59:00.000,,2028-08-30 09:59:00.000,,,,0
297,"00006126001",TUH6B26,2026-04-30,1,10:54:00,"0  ",2026-05-11,2123,17:00:00,"0  ",2028-08-30,10:54:00,121,L,500.0,,0.0,0.0,,0.0,0.0,,1000.0,,0.0,,,,"","",,,,,,,N,4,0.0,AS,0.0,,,0,0,,,289,N,,,,0.0,,60928.58,,,0.0,,,,E,,,"001",11,,S,,500.0,0.0,,,P,0.0,,2026-04-30 10:54:00.000,2026-05-11 17:00:00.000,2028-08-30 10:54:00.000,,,,2122
298,"00006226001",TUI4G09,2026-04-30,1,11:13:00,"0  ",2026-07-02,3554,12:12:00,"0  ",2028-08-30,11:13:00,121,L,455.0,,0.0,0.0,,0.0,0.0,,600.0,,0.0,,,,"","",,,,,,,N,4,0.0,AS,0.0,,,0,0,,,290,N,,,,0.0,,55445.0,,,0.0,,,,E,,,"001",63,,S,,455.0,0.0,,,P,0.0,,2026-04-30 11:13:00.000,2026-07-02 12:12:00.000,2028-08-30 11:13:00.000,,,,3553
299,"00022726001",TUX4A30,2026-04-30,1,11:23:00,"0  ",,,,,2028-08-30,11:23:00,121,L,500.0,,0.0,0.0,,0.0,0.0,,1000.0,,0.0,,,,"","",,,,,,,N,1,0.0,AS,0.0,,,0,0,,,288,N,,,,0.0,,60928.58,,,0.0,,,,A,,,"001",853,,S,,500.0,0.0,,, ,0.0,,2026-04-30 11:23:00.000,,2028-08-30 11:23:00.000,,,,0
300,"00006326001",TUJ4B55,2026-04-30,1,11:30:00,"0  ",2026-05-06,407,17:04:00,"0  ",2028-08-30,11:30:00,121,L,455.0,,0.0,0.0,,0.0,0.0,,600.0,,0.0,,,,"","",,,,,,,N,4,0.0,AS,0.0,,,0,0,,,291,N,,,,0.0,,55445.0,,,0.0,,,,E,,,"001",6,,S,,455.0,0.0,,,P,0.0,,2026-04-30 11:30:00.000,2026-05-06 17:04:00.000,2028-08-30 11:30:00.000,,,,406
301,"00006426001",TUJ4B60,2026-04-30,1,15:32:00,"0  ",,,,,2028-08-30,15:32:00,121,L,455.0,,0.0,0.0,,0.0,0.0,,600.0,,0.0,,,,"","",,,,,,,N,4,0.0,AS,0.0,,,0,0,,,292,N,,,,0.0,,55445.0,,,0.0,,,,A,,,"001",853,,S,,455.0,0.0,,,P,0.0,,2026-04-30 15:32:00.000,,2028-08-30 15:32:00.000,,,,0
302,"00006526001",TUW3J80,2026-04-30,1,15:56:00,"0  ",2026-06-10,4790,09:00:00,"0  ",2028-08-30,15:56:00,121,L,455.0,,0.0,0.0,,0.0,0.0,,600.0,,0.0,,,,"","",,,,,,,N,4,0.0,AS,0.0,,,0,0,,,293,N,,,,0.0,,55445.0,,,0.0,,,,E,,,"001",41,,S,,455.0,0.0,,,P,0.0,,2026-04-30 15:56:00.000,2026-06-10 09:00:00.000,2028-08-30 15:56:00.000,,,,4789
303,"00022826001",TUH6C67,2026-04-30,1,16:05:00,"0  ",,,,,2028-08-30,16:05:00,121,L,500.0,,0.0,0.0,,0.0,0.0,,1000.0,,0.0,,,,"","",,,,,,,N,1,0.0,AS,0.0,,,0,0,,,294,N,,,,0.0,,60928.58,,,0.0,,,,A,,,"001",853,,S,,500.0,0.0,,,P,0.0,,2026-04-30 16:05:00.000,,2028-08-30 16:05:00.000,,,,0
304,"00006626001",TTS8J59,2026-05-04,20300,11:31:00,"0  ",,,,,2028-09-04,11:31:00,122,L,490.0,,0.0,0.0,,0.0,0.0,,600.0,,0.0,,,,"","",,,,,,,N,4,0.0,AS,0.0,,,0,0,,,295,N,,,,0.0,,59780.0,,,0.0,,,,A,,,"001",854,,S,,490.0,0.0,,,P,0.0,,2026-05-04 11:31:00.000,,2028-09-04 11:31:00.000,,,,0
305,"00022926001",TTB9C89,2026-05-04,1,14:15:00,"0  ",2026-05-04,1,14:27:00,"0  ",2028-09-05,14:15:00,122,L,500.0,,0.0,0.0,,0.0,0.0,,1000.0,,0.0,,,,"","",,,,,,,N,1,0.0,AS,0.0,,,0,0,,,296,N,,,,500.0,,122071.43,,,0.0,,,,E,,,"001",0,,S,,500.0,0.0,,,P,0.0,,2026-05-04 14:15:00.000,2026-05-04 14:27:00.000,2028-09-05 14:15:00.000,,,,0
306,"00006726001",TUR3I22,2026-05-04,1,14:56:00,"0  ",2026-07-14,2000,16:30:00,"0  ",2028-09-04,14:56:00,122,L,455.0,,0.0,0.0,,0.0,0.0,,600.0,,0.0,,,,"","",,,,,,,N,4,0.0,AS,0.0,,,0,0,,,297,N,,,,0.0,,55510.0,,,0.0,,,,E,,,"001",71,,S,,455.0,0.0,,,P,0.0,,2026-05-04 14:56:00.000,2026-07-14 16:30:00.000,2028-09-04 14:56:00.000,,,,1999
307,"00023026001",TUH6C71,2026-05-05,1,09:57:00,"0  ",,,,,2028-09-05,09:57:00,122,L,500.0,,0.0,0.0,,0.0,0.0,,1000.0,,0.0,,,,"","",,,,,,,N,1,0.0,AS,0.0,,,0,0,,,298,N,,,,0.0,,61000.0,,,0.0,,,,A,,,"001",854,,S,,500.0,0.0,,,P,0.0,,2026-05-05 09:57:00.000,,2028-09-05 09:57:00.000,,,,0
308,"00023126001",TTT3G87,2026-05-05,36766,12:02:00,"0  ",,,,,2028-09-05,12:02:00,122,L,400.0,,0.0,0.0,,0.0,0.0,,0.0,,0.0,,,,"","",,,,,,,N,1,0.0,AS,0.0,,,0,0,,,299,N,,,,0.0,,48800.0,,,0.0,,,,A,,,"001",854,,S,,400.0,0.0,,,P,0.0,,2026-05-05 12:02:00.000,,2028-09-05 12:02:00.000,,,,0
309,"00023226001",TUH6C73,2026-05-06,1,09:25:00,"0  ",,,,,2028-09-06,09:25:00,122,L,500.0,,0.0,0.0,,0.0,0.0,,1000.0,,0.0,,,,"","",,,,,,,N,1,0.0,AS,0.0,,,0,0,,,300,N,,,,0.0,,61000.0,,,0.0,,,,C,,,"001",854,,S,,500.0,0.0,,,P,0.0,,2026-05-06 09:25:00.000,,2028-09-06 09:25:00.000,,,,0
310,"00023226001",TTB9C89,2026-05-06,1,10:07:00,"0  ",2026-06-23,1725,11:26:00,"0  ",2028-09-06,10:07:00,122,L,500.0,,0.0,0.0,,0.0,0.0,,1000.0,,0.0,,,,"","",,,,,,,N,1,0.0,AS,0.0,,,0,0,,,300,N,,,,0.0,,61000.0,,,0.0,,,,E,,,"001",48,,S,,500.0,0.0,,, ,0.0,,2026-05-06 10:07:00.000,2026-06-23 11:26:00.000,2028-09-06 10:07:00.000,,,,1724
311,"00023326001",TTF3I06,2026-05-06,27609,10:14:00,"0  ",,,,,2028-09-06,10:14:00,122,L,455.0,,0.0,0.0,,0.0,0.0,,600.0,,0.0,,,,"","",,,,,,,N,1,0.0,AS,0.0,,,0,0,,,301,N,,,,0.0,,55510.0,,,0.0,,,,A,,,"001",854,,S,,455.0,0.0,,,P,0.0,,2026-05-06 10:14:00.000,,2028-09-06 10:14:00.000,,,,0
312,"00006826001",TUE9D38,2026-05-06,1,11:16:00,"0  ",2026-06-10,966,15:57:00,"0  ",2028-09-06,11:16:00,122,L,500.0,,0.0,0.0,,0.0,0.0,,1000.0,,0.0,,,,"","",,,,,,,N,4,0.0,AS,0.0,,,0,0,,,302,N,,,,0.0,,61000.0,,,0.0,,,,E,,,"001",35,,S,,500.0,0.0,,,P,0.0,,2026-05-06 11:16:00.000,2026-06-10 15:57:00.000,2028-09-06 11:16:00.000,,,,965
313,"00023426001",TUH6C73,2026-05-06,1,11:52:00,"0  ",,,,,2028-09-06,11:52:00,122,L,500.0,,0.0,0.0,,0.0,0.0,,1000.0,,0.0,,,,"","",,,,,,,N,1,0.0,AS,0.0,,,0,0,,,303,N,,,,0.0,,61000.0,,,0.0,,,,A,,,"001",854,,S,,500.0,0.0,,,P,0.0,,2026-05-06 11:52:00.000,,2028-09-06 11:52:00.000,,,,0
314,"00006926001",TUD9D03,2026-05-06,1,15:29:00,"0  ",,,,,2028-09-06,15:29:00,122,L,455.0,,0.0,0.0,,0.0,0.0,,600.0,,0.0,,,,"","",,,,,,,N,4,0.0,AS,0.0,,,0,0,,,304,N,,,,0.0,,55510.0,,,0.0,,,,A,,,"001",854,,S,,455.0,0.0,,,P,0.0,,2026-05-06 15:29:00.000,,2028-09-06 15:29:00.000,,,,0
315,"00007026001",TTB9E54,2026-05-06,1,15:37:00,"0  ",,,,,2028-09-06,15:37:00,122,L,500.0,,0.0,0.0,,0.0,0.0,,1000.0,,0.0,,,,"","",,,,,,,N,4,0.0,AS,0.0,,,0,0,,,305,N,,,,0.0,,61000.0,,,0.0,,,,A,,,"001",854,,S,,500.0,0.0,,,P,0.0,,2026-05-06 15:37:00.000,,2028-09-06 15:37:00.000,,,,0
316,"00007126001",TUJ4B55,2026-05-07,407,11:52:00,"0  ",,,,,2028-09-07,11:52:00,122,L,455.0,,0.0,0.0,,0.0,0.0,,600.0,,0.0,,,,"","",,,,,,,N,4,0.0,AS,0.0,,,0,0,,,306,N,,,,0.0,,55510.0,,,0.0,,,,A,,,"001",854,,S,,455.0,0.0,,,P,0.0,,2026-05-07 11:52:00.000,,2028-09-07 11:52:00.000,,,,0
317,"00000126001",TTB8D55,2026-05-07,1,12:08:00,"0  ",,,,,2028-09-07,12:08:00,122,L,455.0,,0.0,0.0,,0.0,0.0,,600.0,,0.0,,,,"","",,,,,,,N,5,0.0,AS,0.0,,,0,0,,,307,N,,,,0.0,,55510.0,,,0.0,,,,C,,,"001",854,,S,,455.0,0.0,,,P,0.0,,2026-05-07 12:08:00.000,,2028-09-07 12:08:00.000,,,,0
318,"00023526001",TUI4H41,2026-05-07,1,12:25:00,"0  ",,,,,2028-09-07,12:25:00,122,L,500.0,,0.0,0.0,,0.0,0.0,,1000.0,,0.0,,,,"","",,,,,,,N,1,0.0,AS,0.0,,,0,0,,,308,N,,,,0.0,,61000.0,,,0.0,,,,C,,,"001",854,,S,,500.0,0.0,,,P,0.0,,2026-05-07 12:25:00.000,,2028-09-07 12:25:00.000,,,,0
319,"00023626001",TTR8I37,2026-05-07,20700,13:22:00,"0  ",2026-05-18,21053,14:43:00,"0  ",2028-09-07,13:22:00,122,L,490.0,,0.0,0.0,,0.0,0.0,,600.0,,0.0,,,,"","",,,,,,,N,1,0.0,AS,0.0,,,0,0,,,309,N,,,,0.0,,59780.0,,,0.0,,,,E,,,"001",11,,S,,490.0,0.0,,,P,0.0,,2026-05-07 13:22:00.000,2026-05-18 14:43:00.000,2028-09-07 13:22:00.000,,,,353
320,"00023726001",TTB9E53,2026-05-08,1,12:12:00,"0  ",2026-07-02,9637,12:26:00,"0  ",2028-09-08,12:12:00,122,L,500.0,,0.0,0.0,,0.0,0.0,,0.0,,0.0,,,,"","",,,,,,,N,1,0.0,AS,0.0,,,0,0,,,310,N,,,,0.0,,61000.0,,,0.0,,,,E,,,"001",55,,S,,500.0,0.0,,,P,0.0,,2026-05-08 12:12:00.000,2026-07-02 12:26:00.000,2028-09-08 12:12:00.000,,,,9636
321,"00007226001",TUD8J26,2026-05-08,1,12:54:00,"0  ",,,,,2028-09-08,12:54:00,122,L,455.0,,0.0,0.0,,0.0,0.0,,600.0,,0.0,,,,"","",,,,,,,N,4,0.0,AS,0.0,,,0,0,,,311,N,,,,0.0,,55510.0,,,0.0,,,,A,,,"001",854,,S,,455.0,0.0,,,P,0.0,,2026-05-08 12:54:00.000,,2028-09-08 12:54:00.000,,,,0
322,"00007326001",TUJ5B71,2026-05-08,1,16:57:00,"0  ",,,,,2028-09-08,16:57:00,122,L,500.0,,0.0,0.0,,0.0,0.0,,1000.0,,0.0,,,,"","",,,,,,,N,4,0.0,AS,0.0,,,0,0,,,312,N,,,,0.0,,61000.0,,,0.0,,,,A,,,"001",854,,S,,500.0,0.0,,,P,0.0,,2026-05-08 16:57:00.000,,2028-09-08 16:57:00.000,,,,0
323,"00023826001",TTL0H06,2026-05-08,53842,17:38:00,"0  ",,,,,2028-09-08,17:38:00,122,L,400.0,,0.0,0.0,,0.0,0.0,,600.0,,0.0,,,,"","",,,,,,,N,1,0.0,AS,0.0,,,0,0,,,313,N,,,,0.0,,48800.0,,,0.0,,,,A,,,"001",854,,S,,400.0,0.0,,,P,0.0,,2026-05-08 17:38:00.000,,2028-09-08 17:38:00.000,,,,0
324,"00023926001",TUI4H41,2026-05-09,1,08:20:00,"0  ",,,,,2028-09-09,08:20:00,122,L,500.0,,0.0,0.0,,0.0,0.0,,1000.0,,0.0,,,,"","",,,,,,,N,1,0.0,AS,0.0,,,0,0,,,314,N,,,,0.0,,61000.0,,,0.0,,,,A,,,"001",854,,S,,500.0,0.0,,,P,0.0,,2026-05-09 08:20:00.000,,2028-09-09 08:20:00.000,,,,0
325,"00007426001",TUO3A75,2026-05-11,14735,12:18:00,"0  ",2026-06-02,17613,16:53:00,"0  ",2028-09-11,12:18:00,122,L,455.0,,0.0,0.0,,0.0,0.0,,600.0,,0.0,,,,"","",,,,,,,N,4,0.0,AS,0.0,,,0,0,,,315,N,,,,0.0,,55510.0,,,0.0,,,,E,,,"001",22,,S,,455.0,0.0,,,P,0.0,,2026-05-11 12:18:00.000,2026-06-02 16:53:00.000,2028-09-11 12:18:00.000,,,,2878
326,"00024026001",TUG9C74,2026-05-11,1,12:56:00,"0  ",,,,,2028-09-11,12:56:00,122,L,500.0,,0.0,0.0,,0.0,0.0,,1000.0,,0.0,,,,"","",,,,,,,N,1,0.0,AS,0.0,,,0,0,,,316,N,,,,0.0,,61000.0,,,0.0,,,,C,,,"001",854,,S,,500.0,0.0,,,P,0.0,,2026-05-11 12:56:00.000,,2028-09-11 12:56:00.000,,,,0
327,"00024126001",TUG9C71,2026-05-11,1,17:14:00,"0  ",,,,,2028-09-11,17:14:00,122,L,500.0,,0.0,0.0,,0.0,0.0,,1000.0,,0.0,,,,"","",,,,,,,N,1,0.0,AS,0.0,,,0,0,,,317,N,,,,0.0,,61000.0,,,0.0,,,,C,,,"001",854,,S,,500.0,0.0,,,P,0.0,,2026-05-11 17:14:00.000,,2028-09-11 17:14:00.000,,,,0
328,"00007526001",TTB9C07,2026-05-12,1,09:47:00,"0  ",,,,,2028-09-12,09:47:00,122,L,455.0,,0.0,0.0,,0.0,0.0,,600.0,,0.0,,,,"","",,,,,,,N,4,0.0,AS,0.0,,,0,0,,,318,N,,,,0.0,,55510.0,,,0.0,,,,A,,,"001",854,,S,,455.0,0.0,,,P,0.0,,2026-05-12 09:47:00.000,,2028-09-12 09:47:00.000,,,,0
329,"00000226001",TUB8J84,2026-05-12,1,11:33:00,"0  ",,,,,2028-09-12,11:33:00,122,L,455.0,,0.0,0.0,,0.0,0.0,,600.0,,0.0,,,,"","",,,,,,,N,5,0.0,AS,0.0,,,0,0,,,319,N,,,,0.0,,55510.0,,,0.0,,,,A,,,"001",854,,S,,455.0,0.0,,,P,0.0,,2026-05-12 11:33:00.000,,2028-09-12 11:33:00.000,,,,0
330,"00000326001",TTB8D55,2026-05-12,1,11:53:00,"0  ",,,,,2028-09-12,11:53:00,122,L,455.0,,0.0,0.0,,0.0,0.0,,600.0,,0.0,,,,"","",,,,,,,N,5,0.0,AS,0.0,,,0,0,,,320,N,,,,0.0,,55510.0,,,0.0,,,,A,,,"001",854,,S,,455.0,0.0,,,P,0.0,,2026-05-12 11:53:00.000,,2028-09-12 11:53:00.000,,,,0
331,"00007626001",TUD5C52,2026-05-12,6182,13:38:00,"0  ",,,,,2028-09-12,13:38:00,122,L,455.0,,0.0,0.0,,0.0,0.0,,600.0,,0.0,,,,"","",,,,,,,N,4,0.0,AS,0.0,,,0,0,,,321,N,,,,0.0,,55510.0,,,0.0,,,,A,,,"001",854,,S,,455.0,0.0,,,P,0.0,,2026-05-12 13:38:00.000,,2028-09-12 13:38:00.000,,,,0
332,"00000426001",TUU3I11,2026-05-12,1,14:02:00,"0  ",,,,,2029-05-12,14:02:00,156,L,320.0,,0.0,0.0,,0.0,0.0,,0.0,,0.0,,,,"","",,,,,,,N,5,0.0,AS,0.0,,,0,0,,,322,N,,,,0.0,,50102.84,,,0.0,,,,A,,,"001",1096,,S,,320.0,0.0,,,P,0.0,,2026-05-12 14:02:00.000,,2029-05-12 14:02:00.000,,,,0
333,"00024226001",TTE4F56,2026-05-12,21464,14:30:00,"0  ",,,,,2028-09-12,14:30:00,122,L,380.0,,0.0,0.0,,0.0,0.0,,600.0,,0.0,,,,"","",,,,,,,N,1,0.0,AS,0.0,,,0,0,,,323,N,,,,0.0,,46360.0,,,0.0,,,,A,,,"001",854,,S,,380.0,0.0,,,P,0.0,,2026-05-12 14:30:00.000,,2028-09-12 14:30:00.000,,,,0
334,"00000526001",TUH4E17,2026-05-12,1,15:35:00,"0  ",,,,,2028-09-12,15:35:00,122,L,455.0,,0.0,0.0,,0.0,0.0,,600.0,,0.0,,,,"","",,,,,,,N,5,0.0,AS,0.0,,,0,0,,,324,N,,,,0.0,,55510.0,,,0.0,,,,A,,,"001",854,,S,,455.0,0.0,,,P,0.0,,2026-05-12 15:35:00.000,,2028-09-12 15:35:00.000,,,,0
335,"00000626001",TUC8G08,2026-05-12,1,18:19:00,"0  ",2026-06-24,4604,14:23:00,"0  ",2028-09-12,18:19:00,122,L,455.0,,0.0,0.0,,0.0,0.0,,0.0,,0.0,,,,"","",,,,,,,N,5,0.0,AS,0.0,,,0,0,,,325,N,,,,0.0,,55510.0,,,0.0,,,,E,,,"001",43,,S,,455.0,0.0,,,P,0.0,,2026-05-12 18:19:00.000,2026-06-24 14:23:00.000,2028-09-12 18:19:00.000,,,,4603
336,"00024126001",TUG9C74,2026-05-11,1,09:55:00,"0  ",,,,,2028-09-11,09:55:00,122,L,500.0,,0.0,0.0,,0.0,0.0,,1000.0,,0.0,,,,"","",,,,,,,N,1,0.0,AS,0.0,,,0,0,,,317,N,,,,0.0,,61000.0,,,0.0,,,,A,,,"001",854,,S,,500.0,0.0,,, ,0.0,,2026-05-11 09:55:00.000,,2028-09-11 09:55:00.000,,,,0
337,"00024326001",TUG9C71,2026-05-13,1,11:16:00,"0  ",,,,,2028-09-13,11:16:00,122,L,500.0,,0.0,0.0,,0.0,0.0,,1000.0,,0.0,,,,"","",,,,,,,N,1,0.0,AS,0.0,,,0,0,,,326,N,,,,0.0,,61000.0,,,0.0,,,,A,,,"001",854,,S,,500.0,0.0,,,P,0.0,,2026-05-13 11:16:00.000,,2028-09-13 11:16:00.000,,,,0
338,"00024426001",TTR6G26,2026-05-13,38965,11:22:00,"0  ",2026-06-05,42918,10:41:00,"0  ",2028-09-13,11:22:00,122,L,400.0,,0.0,0.0,,0.0,0.0,,600.0,,0.0,,,,"","",,,,,,,N,1,0.0,AS,0.0,,,0,0,,,327,N,,,,0.0,,48800.0,,,0.0,,,,E,,,"001",23,,S,,400.0,0.0,,,P,0.0,,2026-05-13 11:22:00.000,2026-06-05 10:41:00.000,2028-09-13 11:22:00.000,,,,3953
339,"00000726001",TUE7C44,2026-05-13,1,16:47:00,"0  ",,,,,2028-09-13,16:47:00,122,L,455.0,,0.0,0.0,,0.0,0.0,,600.0,,0.0,,,,"","",,,,,,,N,5,0.0,AS,0.0,,,0,0,,,328,N,,,,0.0,,55510.0,,,0.0,,,,C,,,"001",854,,S,,455.0,0.0,,,P,0.0,,2026-05-13 16:47:00.000,,2028-09-13 16:47:00.000,,,,0
340,"00000826001",TUD7C11,2026-05-13,1,16:59:00,"0  ",,,,,2028-09-06,16:59:00,121,L,455.0,,0.0,0.0,,0.0,0.0,,0.0,,0.0,,,,"","",,,,,,,N,5,0.0,AS,0.0,,,0,0,,,329,N,,,,0.0,,55055.0,,,0.0,,,,C,,,"001",847,,S,,0.0,0.0,,,P,0.0,,2026-05-13 16:59:00.000,,2028-09-06 16:59:00.000,,,,0
341,"00000926001",TUH4E18,2026-05-13,1,18:24:00,"0  ",,,,,2028-09-13,18:24:00,122,L,455.0,,0.0,0.0,,0.0,0.0,,0.0,,0.0,,,,"","",,,,,,,N,5,0.0,AS,0.0,,,0,0,,,330,N,,,,0.0,,55510.0,,,0.0,,,,A,,,"001",854,,S,,455.0,0.0,,,P,0.0,,2026-05-13 18:24:00.000,,2028-09-13 18:24:00.000,,,,0
342,"00001026001",TUD7C11,2026-05-13,1,19:09:00,"0  ",,,,,2028-09-13,19:09:00,122,L,455.0,,0.0,0.0,,0.0,0.0,,600.0,,0.0,,,,"","",,,,,,,N,5,0.0,AS,0.0,,,0,0,,,331,N,,,,0.0,,55510.0,,,0.0,,,,A,,,"001",854,,S,,455.0,0.0,,,P,0.0,,2026-05-13 19:09:00.000,,2028-09-13 19:09:00.000,,,,0
343,"00024526001",TUO4E16,2026-05-14,1,08:18:00,"0  ",,,,,2028-09-14,08:18:00,122,L,500.0,,0.0,0.0,,0.0,0.0,,1000.0,,0.0,,,,"","",,,,,,,N,1,0.0,AS,0.0,,,0,0,,,332,N,,,,0.0,,61000.0,,,0.0,,,,A,,,"001",854,,S,,500.0,0.0,,,P,0.0,,2026-05-14 08:18:00.000,,2028-09-14 08:18:00.000,,,,0
344,"00024626001",TUH7G18,2026-05-14,1,09:31:00,"0  ",,,,,2028-09-14,09:31:00,122,L,500.0,,0.0,0.0,,0.0,0.0,,1000.0,,0.0,,,,"","",,,,,,,N,1,0.0,AS,0.0,,,0,0,,,333,N,,,,0.0,,61000.0,,,0.0,,,,A,,,"001",854,,S,,500.0,0.0,,,P,0.0,,2026-05-14 09:31:00.000,,2028-09-14 09:31:00.000,,,,0
345,"00024726001",TUJ5F49,2026-05-14,1,09:38:00,"0  ",,,,,2028-09-14,09:38:00,122,L,500.0,,0.0,0.0,,0.0,0.0,,1000.0,,0.0,,,,"","",,,,,,,N,1,0.0,AS,0.0,,,0,0,,,334,N,,,,0.0,,61000.0,,,0.0,,,,C,,,"001",854,,S,,500.0,0.0,,,P,0.0,,2026-05-14 09:38:00.000,,2028-09-14 09:38:00.000,,,,0
346,"00001126001",TUC8G13,2026-05-14,1,15:23:00,"0  ",,,,,2028-09-14,15:23:00,122,L,455.0,,0.0,0.0,,0.0,0.0,,0.0,,0.0,,,,"","",,,,,,,N,5,0.0,AS,0.0,,,0,0,,,335,N,,,,0.0,,55510.0,,,0.0,,,,A,,,"001",854,,S,,455.0,0.0,,,P,0.0,,2026-05-14 15:23:00.000,,2028-09-14 15:23:00.000,,,,0
347,"00024826001",TTS0H70,2026-05-14,53514,16:24:00,"0  ",2026-06-26,59722,11:26:00,"0  ",2028-09-14,16:24:00,122,L,400.0,,0.0,0.0,,0.0,0.0,,600.0,,0.0,,,,"","",,,,,,,N,1,0.0,AS,0.0,,,0,0,,,336,N,,,,0.0,,48800.0,,,0.0,,,,E,,,"001",43,,S,,400.0,0.0,,,P,0.0,,2026-05-14 16:24:00.000,2026-06-26 11:26:00.000,2028-09-14 16:24:00.000,,,,6208
348,"00001226001",TUB9E47,2026-05-15,1,10:14:00,"0  ",,,,,2028-09-15,10:14:00,122,L,455.0,,0.0,0.0,,0.0,0.0,,600.0,,0.0,,,,"","",,,,,,,N,5,0.0,AS,0.0,,,0,0,,,337,N,,,,0.0,,55510.0,,,0.0,,,,A,,,"001",854,,S,,455.0,0.0,,,P,0.0,,2026-05-15 10:14:00.000,,2028-09-15 10:14:00.000,,,,0
349,"00024926001",TUQ4A80,2026-05-15,1,10:22:00,"0  ",,,,,2028-09-15,10:22:00,122,L,500.0,,0.0,0.0,,0.0,0.0,,1000.0,,0.0,,,,"","",,,,,,,N,1,0.0,AS,0.0,,,0,0,,,338,N,,,,0.0,,61000.0,,,0.0,,,,A,,,"001",854,,S,,500.0,0.0,,,P,0.0,,2026-05-15 10:22:00.000,,2028-09-15 10:22:00.000,,,,0
350,"00007726001",TUH7I13,2026-05-15,1,11:33:00,"0  ",,,,,2028-09-15,11:33:00,122,L,455.0,,0.0,0.0,,0.0,0.0,,600.0,,0.0,,,,"","",,,,,,,N,4,0.0,AS,0.0,,,0,0,,,339,N,,,,0.0,,55510.0,,,0.0,,,,A,,,"001",854,,S,,455.0,0.0,,,P,0.0,,2026-05-15 11:33:00.000,,2028-09-15 11:33:00.000,,,,0
351,"00001326001",TUE7C44,2026-05-15,1,14:53:00,"0  ",,,,,2028-09-15,14:53:00,122,L,455.0,,0.0,0.0,,0.0,0.0,,600.0,,0.0,,,,"","",,,,,,,N,5,0.0,AS,0.0,,,0,0,,,340,N,,,,0.0,,55510.0,,,0.0,,,,A,,,"001",854,,S,,455.0,0.0,,,P,0.0,,2026-05-15 14:53:00.000,,2028-09-15 14:53:00.000,,,,0
352,"00007826001",TUH6B26,2026-05-15,2123,16:45:00,"0  ",2026-07-02,9468,09:33:00,"0  ",2028-09-15,16:45:00,122,L,500.0,,0.0,0.0,,0.0,0.0,,1000.0,,0.0,,,,"","",,,,,,,N,4,0.0,AS,0.0,,,0,0,,,341,N,,,,0.0,,61000.0,,,0.0,,,,E,,,"001",48,,S,,500.0,0.0,,,P,0.0,,2026-05-15 16:45:00.000,2026-07-02 09:33:00.000,2028-09-15 16:45:00.000,,,,7345
353,"00001426001",TUB8J66,2026-05-16,1,13:06:00,"0  ",,,,,2028-09-09,13:06:00,121,L,455.0,,0.0,10.83,,0.0,0.0,,0.0,,0.0,,,,"","",,,,,,,N,5,0.0,AS,0.0,,,0,0,,,342,N,,,,0.0,,55055.0,,,0.0,,,,C,,,"001",847,,S,,0.0,0.0,,,P,0.0,,2026-05-16 13:06:00.000,,2028-09-09 13:06:00.000,,,,0
354,"00001526001",TUB8J66,2026-05-16,1,13:34:00,"0  ",,,,,2028-09-16,13:34:00,122,L,455.0,,0.0,0.0,,0.0,0.0,,0.0,,0.0,,,,"","",,,,,,,N,5,0.0,AS,0.0,,,0,0,,,343,N,,,,0.0,,55510.0,,,0.0,,,,A,,,"001",854,,S,,455.0,0.0,,,P,0.0,,2026-05-16 13:34:00.000,,2028-09-16 13:34:00.000,,,,0
355,"00025026001",TUK4E90,2026-05-18,1,10:36:00,"0  ",,,,,2028-09-18,10:36:00,122,L,500.0,,0.0,0.0,,0.0,0.0,,1000.0,,0.0,,,,"","",,,,,,,N,1,0.0,AS,0.0,,,0,0,,,344,N,,,,0.0,,61000.0,,,0.0,,,,A,,,"001",854,,S,,500.0,0.0,,,P,0.0,,2026-05-18 10:36:00.000,,2028-09-18 10:36:00.000,,,,0
356,"00025126001",TUC9B26,2026-05-18,1908,15:03:00,"0  ",2026-07-09,2546,15:55:00,"0  ",2028-09-18,15:03:00,122,L,500.0,,0.0,0.0,,0.0,0.0,,1000.0,,0.0,,,,"","",,,,,,,N,1,0.0,AS,0.0,,,0,0,,,345,N,,,,0.0,,61000.0,,,0.0,,,,E,,,"001",52,,S,,500.0,0.0,,,P,0.0,,2026-05-18 15:03:00.000,2026-07-09 15:55:00.000,2028-09-18 15:03:00.000,,,,638
357,"00025226001",TUI6D01,2026-05-18,1,15:35:00,"0  ",,,,,2028-09-18,15:35:00,122,L,500.0,,0.0,0.0,,0.0,0.0,,1000.0,,0.0,,,,"","",,,,,,,N,1,0.0,AS,0.0,,,0,0,,,346,N,,,,0.0,,61000.0,,,0.0,,,,A,,,"001",854,,S,,500.0,0.0,,,P,0.0,,2026-05-18 15:35:00.000,,2028-09-18 15:35:00.000,,,,0
358,"00025326001",TTI5G99,2026-05-19,53416,09:19:00,"0  ",,,,,2026-05-26,09:19:00,1,L,0.0,,0.0,0.0,,0.0,0.0,,0.0,,0.0,,,,"","",,,,,,,N,1,0.0,AS,0.0,,,0,0,,,347,N,,,,0.0,,0.0,,,0.0,,,,C,,,"001",7,,S,,0.0,0.0,,,P,0.0,,2026-05-19 09:19:00.000,,2026-05-26 09:19:00.000,,,,0
359,"00025326001",TUP4A44,2026-05-19,1,09:22:00,"0  ",,,,,2028-09-19,09:22:00,122,L,500.0,,0.0,0.0,,0.0,0.0,,1000.0,,0.0,,,,"","",,,,,,,N,1,0.0,AS,0.0,,,0,0,,,347,N,,,,0.0,,61000.0,,,0.0,,,,A,,,"001",854,,S,,500.0,0.0,,, ,0.0,,2026-05-19 09:22:00.000,,2028-09-19 09:22:00.000,,,,0
360,"00025426001",TTR8I37,2026-05-19,21053,14:57:00,"0  ",,,,,2028-09-19,14:57:00,122,L,490.0,,0.0,0.0,,0.0,0.0,,600.0,,0.0,,,,"","",,,,,,,N,1,0.0,AS,0.0,,,0,0,,,348,N,,,,0.0,,59780.0,,,0.0,,,,A,,,"001",854,,S,,490.0,0.0,,,P,0.0,,2026-05-19 14:57:00.000,,2028-09-19 14:57:00.000,,,,0
361,"00007926001",TUN4F29,2026-05-19,1,15:22:00,"0  ",,,,,2028-09-19,15:22:00,122,L,455.0,,0.0,0.0,,0.0,0.0,,600.0,,0.0,,,,"","",,,,,,,N,4,0.0,AS,0.0,,,0,0,,,349,N,,,,0.0,,55510.0,,,0.0,,,,A,,,"001",854,,S,,455.0,0.0,,,P,0.0,,2026-05-19 15:22:00.000,,2028-09-19 15:22:00.000,,,,0
362,"00008026001",TUI6C76,2026-05-19,1,16:07:00,"0  ",2026-06-30,6263,17:33:00,"0  ",2028-09-19,16:07:00,122,L,455.0,,0.0,0.0,,0.0,0.0,,600.0,,0.0,,,,"","",,,,,,,N,4,0.0,AS,0.0,,,0,0,,,350,N,,,,0.0,,55510.0,,,0.0,,,,E,,,"001",42,,S,,455.0,0.0,,,P,0.0,,2026-05-19 16:07:00.000,2026-06-30 17:33:00.000,2028-09-19 16:07:00.000,,,,6262
363,"00008126001",TUJ6A82,2026-05-20,1,11:56:00,"0  ",,,,,2028-09-20,11:56:00,122,L,500.0,,0.0,0.0,,0.0,0.0,,1000.0,,0.0,,,,"","",,,,,,,N,4,0.0,AS,0.0,,,0,0,,,351,N,,,,0.0,,61000.0,,,0.0,,,,A,,,"001",854,,S,,500.0,0.0,,,P,0.0,,2026-05-20 11:56:00.000,,2028-09-20 11:56:00.000,,,,0
364,"00008226001",TUL4J39,2026-05-20,1,13:16:00,"0  ",,,,,2028-09-20,13:16:00,122,L,455.0,,0.0,0.0,,0.0,0.0,,600.0,,0.0,,,,"","",,,,,,,N,4,0.0,AS,0.0,,,0,0,,,352,N,,,,0.0,,55510.0,,,0.0,,,,A,,,"001",854,,S,,455.0,0.0,,,P,0.0,,2026-05-20 13:16:00.000,,2028-09-20 13:16:00.000,,,,0
365,"00001626001",TUF7C98,2026-05-20,1,15:30:00,"0  ",,,,,2028-09-13,15:30:00,121,L,455.0,,0.0,0.0,,0.0,0.0,,0.0,,0.0,,,,"","",,,,,,,N,5,0.0,AS,0.0,,,0,0,,,353,N,,,,0.0,,55055.0,,,0.0,,,,C,,,"001",847,,S,,455.0,0.0,,,P,0.0,,2026-05-20 15:30:00.000,,2028-09-13 15:30:00.000,,,,0
366,"00001726001",TUF7C98,2026-05-20,1,15:49:00,"0  ",2026-06-18,3881,16:01:00,"0  ",2028-09-20,15:49:00,122,L,455.0,,0.0,0.0,,0.0,0.0,,0.0,,0.0,,,,"","",,,,,,,N,5,0.0,AS,0.0,,,0,0,,,354,N,,,,0.0,,55510.0,,,0.0,,,,E,,,"001",29,,S,,455.0,0.0,,,P,0.0,,2026-05-20 15:49:00.000,2026-06-18 16:01:00.000,2028-09-20 15:49:00.000,,,,3880
367,"00025526001",TUI6B19,2026-05-21,1,18:25:00,"0  ",,,,,2028-09-21,18:25:00,122,L,500.0,,0.0,0.0,,0.0,0.0,,1000.0,,0.0,,,,"","",,,,,,,N,1,0.0,AS,0.0,,,0,0,,,355,N,,,,0.0,,61000.0,,,0.0,,,,A,,,"001",854,,S,,500.0,0.0,,,P,0.0,,2026-05-21 18:25:00.000,,2028-09-21 18:25:00.000,,,,0
368,"00008326001",TUL4J40,2026-05-22,1,14:42:00,"0  ",,,,,2028-09-22,14:42:00,122,L,455.0,,0.0,0.0,,0.0,0.0,,600.0,,0.0,,,,"","",,,,,,,N,4,0.0,AS,0.0,,,0,0,,,356,N,,,,0.0,,55510.0,,,0.0,,,,A,,,"001",854,,S,,455.0,0.0,,,P,0.0,,2026-05-22 14:42:00.000,,2028-09-22 14:42:00.000,,,,0
369,"00008426001",TUA8H22,2026-05-22,4952,15:36:00,"0  ",,,,,2028-09-22,15:36:00,122,L,455.0,,0.0,0.0,,0.0,0.0,,600.0,,0.0,,,,"","",,,,,,,N,4,0.0,AS,0.0,,,0,0,,,357,N,,,,0.0,,55510.0,,,0.0,,,,A,,,"001",854,,S,,455.0,0.0,,,P,0.0,,2026-05-22 15:36:00.000,,2028-09-22 15:36:00.000,,,,0
370,"00001826001",TUC8G17,2026-05-22,1,16:49:00,"0  ",,,,,2028-09-22,16:49:00,122,L,455.0,,0.0,0.0,,0.0,0.0,,600.0,,0.0,,,,"","",,,,,,,N,5,0.0,AS,0.0,,,0,0,,,358,N,,,,0.0,,55510.0,,,0.0,,,,A,,,"001",854,,S,,455.0,0.0,,,P,0.0,,2026-05-22 16:49:00.000,,2028-09-22 16:49:00.000,,,,0
371,"00001926001",TUK5E12,2026-05-25,1,15:39:00,"0  ",2026-07-01,3026,16:38:00,"0  ",2028-09-25,15:39:00,122,L,500.0,,0.0,0.0,,0.0,0.0,,0.0,,0.0,,,,"","",,,,,,,N,5,0.0,AS,0.0,,,0,0,,,359,N,,,,0.0,,61000.0,,,0.0,,,,E,,,"001",37,,S,,500.0,0.0,,,P,0.0,,2026-05-25 15:39:00.000,2026-07-01 16:38:00.000,2028-09-25 15:39:00.000,,,,3025
372,"00002026001",TUO5E03,2026-05-25,1,15:48:00,"0  ",,,,,2028-09-25,15:48:00,122,L,500.0,,0.0,11.9,,0.0,0.0,,1000.0,,0.0,,,,"","",,,,,,,N,5,0.0,AS,0.0,,,0,0,,,360,N,,,,0.0,,61000.0,,,0.0,,,,C,,,"001",854,,S,,0.0,0.0,,,P,0.0,,2026-05-25 15:48:00.000,,2028-09-25 15:48:00.000,,,,0
373,"00008526001",TUC9B53,2026-05-25,2578,16:58:00,"0  ",,,,,2028-09-25,16:58:00,122,L,455.0,,0.0,0.0,,0.0,0.0,,600.0,,0.0,,,,"","",,,,,,,N,4,0.0,AS,0.0,,,0,0,,,361,N,,,,0.0,,55510.0,,,0.0,,,,A,,,"001",854,,S,,455.0,0.0,,,P,0.0,,2026-05-25 16:58:00.000,,2028-09-25 16:58:00.000,,,,0
374,"00025626001",TUI6B06,2026-05-26,1,09:16:00,"0  ",,,,,2028-09-26,09:16:00,122,L,500.0,,0.0,0.0,,0.0,0.0,,1000.0,,0.0,,,,"","",,,,,,,N,1,0.0,AS,0.0,,,0,0,,,362,N,,,,0.0,,61000.0,,,0.0,,,,A,,,"001",854,,S,,500.0,0.0,,,P,0.0,,2026-05-26 09:16:00.000,,2028-09-26 09:16:00.000,,,,0
375,"00002126001",TUN5C91,2026-05-26,1,09:46:00,"0  ",2026-05-27,132,14:33:00,"0  ",2028-09-26,09:46:00,122,L,455.0,,0.0,0.0,,0.0,0.0,,600.0,,0.0,,,,"","",,,,,,,N,5,0.0,AS,0.0,,,0,0,,,363,N,,,,0.0,,55510.0,,,0.0,,,,E,,,"001",1,,S,,455.0,0.0,,,P,0.0,,2026-05-26 09:46:00.000,2026-05-27 14:33:00.000,2028-09-26 09:46:00.000,,,,131
376,"00008626001",TUF7H28,2026-05-26,3289,11:33:00,"0  ",,,,,2028-09-26,11:33:00,122,L,455.0,,0.0,0.0,,0.0,0.0,,600.0,,0.0,,,,"","",,,,,,,N,4,0.0,AS,0.0,,,0,0,,,364,N,,,,0.0,,55510.0,,,0.0,,,,A,,,"001",854,,S,,455.0,0.0,,,P,0.0,,2026-05-26 11:33:00.000,,2028-09-26 11:33:00.000,,,,0
377,"00008726001",TUI6G69,2026-05-26,1,16:02:00,"0  ",,,,,2028-09-26,16:02:00,122,L,455.0,,0.0,0.0,,0.0,0.0,,1000.0,,0.0,,,,"","",,,,,,,N,4,0.0,AS,0.0,,,0,0,,,365,N,,,,0.0,,55510.0,,,0.0,,,,A,,,"001",854,,S,,455.0,0.0,,,P,0.0,,2026-05-26 16:02:00.000,,2028-09-26 16:02:00.000,,,,0
378,"00025726001",TUW0I31,2026-05-29,33105,15:45:00,"0  ",,,,,2028-09-29,15:45:00,122,L,400.0,,0.0,0.0,,0.0,0.0,,600.0,,0.0,,,,"","",,,,,,,N,1,0.0,AS,0.0,,,0,0,,,366,N,,,,0.0,,48800.0,,,0.0,,,,A,,,"001",854,,S,,400.0,0.0,,,P,0.0,,2026-05-29 15:45:00.000,,2028-09-29 15:45:00.000,,,,0
379,"00008826001",TUC9B27,2026-05-27,3297,16:14:00,"0  ",,,,,2028-09-27,16:14:00,122,L,455.0,,0.0,0.0,,0.0,0.0,,0.0,,0.0,,,,"","",,,,,,,N,4,0.0,AS,0.0,,,0,0,,,367,N,,,,0.0,,55510.0,,,0.0,,,,A,,,"001",854,,S,,455.0,0.0,,,P,0.0,,2026-05-27 16:14:00.000,,2028-09-27 16:14:00.000,,,,0
380,"00025826001",TTK8B50,2026-05-28,29582,13:10:00,"0  ",2026-07-13,36539,16:36:00,"0  ",2028-09-28,13:10:00,122,L,400.0,,0.0,0.0,,0.0,0.0,,600.0,,0.0,,,,"","",,,,,,,N,1,0.0,AS,0.0,,,0,0,,,368,N,,,,0.0,,48800.0,,,0.0,,,,E,,,"001",46,,S,,400.0,0.0,,,P,0.0,,2026-05-28 13:10:00.000,2026-07-13 16:36:00.000,2028-09-28 13:10:00.000,,,,6957
381,"00025926001",TUJ5F49,2026-05-29,1,09:30:00,"0  ",,,,,2028-09-29,09:30:00,122,L,500.0,,0.0,0.0,,0.0,0.0,,1000.0,,0.0,,,,"","",,,,,,,N,1,0.0,AS,0.0,,,0,0,,,369,N,,,,0.0,,61000.0,,,0.0,,,,C,,,"001",854,,S,,500.0,0.0,,,P,0.0,,2026-05-29 09:30:00.000,,2028-09-29 09:30:00.000,,,,0
382,"00002226001",TUH8G22,2026-05-29,1,09:54:00,"0  ",,,,,2028-09-29,09:54:00,122,L,455.0,,0.0,0.0,,0.0,0.0,,600.0,,0.0,,,,"","",,,,,,,N,5,0.0,AS,0.0,,,0,0,,,370,N,,,,0.0,,55510.0,,,0.0,,,,A,,,"001",854,,S,,455.0,0.0,,,P,0.0,,2026-05-29 09:54:00.000,,2028-09-29 09:54:00.000,,,,0
383,"00002326001",TUO5E02,2026-05-29,1,15:29:00,"0  ",,,,,2028-09-29,15:29:00,122,L,500.0,,0.0,0.0,,0.0,0.0,,600.0,,0.0,,,,"","",,,,,,,N,5,0.0,AS,0.0,,,0,0,,,371,N,,,,0.0,,61000.0,,,0.0,,,,A,,,"001",854,,S,,500.0,0.0,,,P,0.0,,2026-05-29 15:29:00.000,,2028-09-29 15:29:00.000,,,,0
384,"00008926001",TUH8B88,2026-05-29,1,15:53:00,"0  ",,,,,2026-06-05,15:53:00,1,L,0.0,,0.0,0.0,,0.0,0.0,,1000.0,,0.0,,,,"","",,,,,,,N,4,0.0,AS,0.0,,,0,0,,,372,N,,,,0.0,,0.0,,,0.0,,,,C,,,"001",7,,S,,500.0,0.0,,,P,0.0,,2026-05-29 15:53:00.000,,2026-06-05 15:53:00.000,,,,0
385,"00008926001",TUH8B88,2026-05-29,1,16:23:00,"0  ",,,,,2028-09-29,16:23:00,122,L,500.0,,0.0,0.0,,0.0,0.0,,1000.0,,0.0,,,,"","",,,,,,,N,4,0.0,AS,0.0,,,0,0,,,372,N,,,,0.0,,61000.0,,,0.0,,,,A,,,"001",854,,S,,500.0,0.0,,, ,0.0,,2026-05-29 16:23:00.000,,2028-09-29 16:23:00.000,,,,0
386,"00002426001",TUN5C88,2026-05-29,1,16:55:00,"0  ",,,,,2028-09-29,16:55:00,122,L,455.0,,0.0,0.0,,0.0,0.0,,600.0,,0.0,,,,"","",,,,,,,N,5,0.0,AS,0.0,,,0,0,,,373,N,,,,0.0,,55510.0,,,0.0,,,,A,,,"001",854,,S,,455.0,0.0,,,P,0.0,,2026-05-29 16:55:00.000,,2028-09-29 16:55:00.000,,,,0
387,"00026026001",TUJ5F49,2026-05-30,1,10:00:00,"0  ",,,,,2028-09-30,10:00:00,122,L,500.0,,0.0,0.0,,0.0,0.0,,1000.0,,0.0,,,,"","",,,,,,,N,1,0.0,AS,0.0,,,0,0,,,374,N,,,,0.0,,61000.0,,,0.0,,,,A,,,"001",854,,S,,500.0,0.0,,,P,0.0,,2026-05-30 10:00:00.000,,2028-09-30 10:00:00.000,,,,0
388,"00026126001",TUK4E88,2026-06-01,1,09:33:00,"0  ",,,,,2028-10-01,09:33:00,121,L,500.0,,0.0,0.0,,0.0,0.0,,1000.0,,0.0,,,,"","",,,,,,,N,1,0.0,AS,0.0,,,0,0,,,375,N,,,,0.0,,60928.58,,,0.0,,,,A,,,"001",853,,S,,500.0,0.0,,,P,0.0,,2026-06-01 09:33:00.000,,2028-10-01 09:33:00.000,,,,0
389,"00009026001",TUH5A71,2026-06-01,5791,13:02:00,"0  ",,,,,2028-10-01,13:02:00,121,L,455.0,,0.0,0.0,,0.0,0.0,,600.0,,0.0,,,,"","",,,,,,,N,4,0.0,AS,0.0,,,0,0,,,376,N,,,,0.0,,55445.0,,,0.0,,,,A,,,"001",853,,S,,455.0,0.0,,,P,0.0,,2026-06-01 13:02:00.000,,2028-10-01 13:02:00.000,,,,0
390,"00009126001",TUN4I91,2026-06-01,1,15:24:00,"0  ",,,,,2028-10-01,15:24:00,121,L,455.0,,0.0,0.0,,0.0,0.0,,1000.0,,0.0,,,,"","",,,,,,,N,4,0.0,AS,0.0,,,0,0,,,377,N,,,,0.0,,55445.0,,,0.0,,,,A,,,"001",853,,S,,455.0,0.0,,,P,0.0,,2026-06-01 15:24:00.000,,2028-10-01 15:24:00.000,,,,0
391,"00009226001",TUK5A24,2026-06-02,1,09:33:00,"0  ",2026-06-05,202,14:13:00,"0  ",2028-10-02,09:33:00,121,L,500.0,,0.0,0.0,,0.0,0.0,,1000.0,,0.0,,,,"","",,,,,,,N,4,0.0,AS,0.0,,,0,0,,,378,N,,,,0.0,,60928.58,,,0.0,,,,E,,,"001",3,,S,,500.0,0.0,,,P,0.0,,2026-06-02 09:33:00.000,2026-06-05 14:13:00.000,2028-10-02 09:33:00.000,,,,201
392,"00026226001",TTO6D20,2026-06-02,14201,10:52:00,"0  ",,,,,2028-10-02,10:52:00,121,L,420.0,,0.0,0.0,,0.0,0.0,,600.0,,0.0,,,,"","",,,,,,,N,1,0.0,AS,0.0,,,0,0,,,379,N,,,,0.0,,51180.0,,,0.0,,,,A,,,"001",853,,S,,420.0,0.0,,,P,0.0,,2026-06-02 10:52:00.000,,2028-10-02 10:52:00.000,,,,0
393,"00002526001",TUN5C91,2026-06-02,132,12:38:00,"0  ",,,,,2028-10-02,12:38:00,121,L,455.0,,0.0,0.0,,0.0,0.0,,600.0,,0.0,,,,"","",,,,,,,N,5,0.0,AS,0.0,,,0,0,,,380,N,,,,0.0,,55445.0,,,0.0,,,,A,,,"001",853,,S,,455.0,0.0,,, ,0.0,,2026-06-02 12:38:00.000,,2028-10-02 12:38:00.000,,,,0
394,"00002626001",TUJ6E67,2026-06-02,1,13:29:00,"0  ",,,,,2028-10-02,13:29:00,121,L,455.0,,0.0,0.0,,0.0,0.0,,600.0,,0.0,,,,"","",,,,,,,N,5,0.0,AS,0.0,,,0,0,,,381,N,,,,0.0,,55445.0,,,0.0,,,,A,,,"001",853,,S,,455.0,0.0,,,P,0.0,,2026-06-02 13:29:00.000,,2028-10-02 13:29:00.000,,,,0
395,"00026326001",TTO4I26,2026-06-02,38755,16:31:00,"0  ",2026-06-23,42523,11:23:00,"0  ",2028-10-02,16:31:00,121,L,400.0,,0.0,0.0,,0.0,0.0,,600.0,,0.0,,,,"","",,,,,,,N,1,0.0,AS,0.0,,,0,0,,,382,N,,,,0.0,,48742.84,,,0.0,,,,E,,,"001",21,,S,,400.0,0.0,,,P,0.0,,2026-06-02 16:31:00.000,2026-06-23 11:23:00.000,2028-10-02 16:31:00.000,,,,3768
396,"00026426001",TUN4D48,2026-06-03,1,08:52:00,"0  ",,,,,2028-10-03,08:52:00,121,L,500.0,,0.0,0.0,,0.0,0.0,,1000.0,,0.0,,,,"","",,,,,,,N,1,0.0,AS,0.0,,,0,0,,,383,N,,,,0.0,,60928.58,,,0.0,,,,A,,,"001",853,,S,,500.0,0.0,,,P,0.0,,2026-06-03 08:52:00.000,,2028-10-03 08:52:00.000,,,,0
397,"00026526001",TUP3H82,2026-06-05,4208,09:24:00,"0  ",,,,,2028-10-05,09:24:00,121,L,500.0,,0.0,0.0,,0.0,0.0,,1000.0,,0.0,,,,"","",,,,,,,N,1,0.0,AS,0.0,,,0,0,,,384,N,,,,0.0,,60928.58,,,0.0,,,,A,,,"001",853,,S,,500.0,0.0,,,P,0.0,,2026-06-05 09:24:00.000,,2028-10-05 09:24:00.000,,,,0
398,"00002726001",TUN5C90,2026-06-05,1,10:50:00,"0  ",,,,,2028-10-06,10:50:00,122,L,500.0,,0.0,0.0,,0.0,0.0,,1000.0,,0.0,,,,"","",,,,,,,N,5,0.0,AS,0.0,,,0,0,,,385,N,,,,0.0,,61000.0,,,0.0,,,,A,,,"001",854,,S,,500.0,0.0,,,P,0.0,,2026-06-05 10:50:00.000,,2028-10-06 10:50:00.000,,,,0
399,"00026626001",TUK4E77,2026-06-05,1,14:29:00,"0  ",,,,,2028-10-05,14:29:00,121,L,500.0,,0.0,0.0,,0.0,0.0,,1000.0,,0.0,,,,"","",,,,,,,N,1,0.0,AS,0.0,,,0,0,,,386,N,,,,0.0,,60928.58,,,0.0,,,,A,,,"001",853,,S,,500.0,0.0,,,P,0.0,,2026-06-05 14:29:00.000,,2028-10-05 14:29:00.000,,,,0
400,"00026726001",TUM3D27,2026-06-05,11017,15:41:00,"0  ",,,,,2028-10-05,15:41:00,121,L,420.0,,0.0,0.0,,0.0,0.0,,600.0,,0.0,,,,"","",,,,,,,N,1,0.0,AS,0.0,,,0,0,,,387,N,,,,0.0,,51180.0,,,0.0,,,,A,,,"001",853,,S,,420.0,0.0,,,P,0.0,,2026-06-05 15:41:00.000,,2028-10-05 15:41:00.000,,,,0
401,"00026826001",TTI5G99,2026-06-05,53430,16:17:00,"0  ",2026-06-18,54576,12:20:00,"0  ",2028-10-05,16:17:00,121,L,380.0,,0.0,0.0,,0.0,0.0,,600.0,,0.0,,,,"","",,,,,,,N,1,0.0,AS,0.0,,,0,0,,,388,N,,,,0.0,,46305.74,,,0.0,,,,E,,,"001",13,,S,,380.0,0.0,,,P,0.0,,2026-06-05 16:17:00.000,2026-06-18 12:20:00.000,2028-10-05 16:17:00.000,,,,1146
402,"00009326001",TUK5A24,2026-06-05,202,16:39:00,"0  ",,,,,2028-10-05,16:39:00,121,L,455.0,,0.0,0.0,,0.0,0.0,,1000.0,,0.0,,,,"","",,,,,,,N,4,0.0,AS,0.0,,,0,0,,,389,N,,,,0.0,,55445.0,,,0.0,,,,C,,,"001",853,,S,,455.0,0.0,,,P,0.0,,2026-06-05 16:39:00.000,,2028-10-05 16:39:00.000,,,,0
403,"00026926001",TUN4D36,2026-06-05,1,16:59:00,"0  ",2026-06-25,3936,10:50:00,"0  ",2028-10-05,16:59:00,121,L,500.0,,0.0,0.0,,0.0,0.0,,1000.0,,0.0,,,,"","",,,,,,,N,1,0.0,AS,0.0,,,0,0,,,390,N,,,,0.0,,60928.58,,,0.0,,,,E,,,"001",20,,S,,500.0,0.0,,,P,0.0,,2026-06-05 16:59:00.000,2026-06-25 10:50:00.000,2028-10-05 16:59:00.000,,,,3935
404,"00002826001",TUJ6E71,2026-06-05,1,17:46:00,"0  ",,,,,2028-10-06,17:46:00,122,L,455.0,,0.0,0.0,,0.0,0.0,,0.0,,0.0,,,,"","",,,,,,,N,5,0.0,AS,0.0,,,0,0,,,391,N,,,,0.0,,55510.0,,,0.0,,,,C,,,"001",854,,S,,455.0,0.0,,,P,0.0,,2026-06-05 17:46:00.000,,2028-10-06 17:46:00.000,,,,0
405,"00002926001",TUJ6E71,2026-06-05,1,18:02:00,"0  ",,,,,2028-09-29,18:02:00,121,L,455.0,,0.0,0.0,,0.0,0.0,,0.0,,0.0,,,,"","",,,,,,,N,5,0.0,AS,0.0,,,0,0,,,392,N,,,,0.0,,55055.0,,,0.0,,,,A,,,"001",847,,S,,455.0,0.0,,,P,0.0,,2026-06-05 18:02:00.000,,2028-09-29 18:02:00.000,,,,0
406,"00009426001",TUO3A75,2026-06-08,17613,13:00:00,"0  ",,,,,2028-10-08,13:00:00,121,L,455.0,,0.0,0.0,,0.0,0.0,,600.0,,0.0,,,,"","",,,,,,,N,4,0.0,AS,0.0,,,0,0,,,393,N,,,,0.0,,55445.0,,,0.0,,,,A,,,"001",853,,S,,455.0,0.0,,,P,0.0,,2026-06-08 13:00:00.000,,2028-10-08 13:00:00.000,,,,0
407,"00027026001",TUV0F35,2026-06-08,100242,13:01:00,"0  ",,,,,2028-10-08,13:01:00,121,L,380.0,,0.0,0.0,,0.0,0.0,,600.0,,0.0,,,,"","",,,,,,,N,1,0.0,AS,0.0,,,0,0,,,394,N,,,,0.0,,46305.74,,,0.0,,,,A,,,"001",853,,S,,380.0,0.0,,,P,0.0,,2026-06-08 13:01:00.000,,2028-10-08 13:01:00.000,,,,0
408,"00027126001",TUH6F09,2026-06-08,1,14:03:00,"0  ",,,,,2028-10-08,14:03:00,121,L,500.0,,0.0,0.0,,0.0,0.0,,1000.0,,0.0,,,,"","",,,,,,,N,1,0.0,AS,0.0,,,0,0,,,395,N,,,,0.0,,60928.58,,,0.0,,,,A,,,"001",853,,S,,500.0,0.0,,,P,0.0,,2026-06-08 14:03:00.000,,2028-10-08 14:03:00.000,,,,0
409,"00027226001",TUE7C50,2026-06-08,3870,16:49:00,"0  ",,,,,2028-10-08,16:49:00,121,L,500.0,,0.0,0.0,,0.0,0.0,,1000.0,,0.0,,,,"","",,,,,,,N,1,0.0,AS,0.0,,,0,0,,,396,N,,,,0.0,,60928.58,,,0.0,,,,A,,,"001",853,,S,,500.0,0.0,,,P,0.0,,2026-06-08 16:49:00.000,,2028-10-08 16:49:00.000,,,,0
410,"00009526001",TUC9B54,2026-06-09,1,13:17:00,"0  ",,,,,2028-10-03,13:17:00,121,L,455.0,,0.0,0.0,,0.0,0.0,,600.0,,0.0,,,,"","",,,,,,,N,4,0.0,AS,0.0,,,0,0,,,397,N,,,,0.0,,55055.0,,,0.0,,,,A,,,"001",847,,S,,455.0,0.0,,,P,0.0,,2026-06-09 13:17:00.000,,2028-10-03 13:17:00.000,,,,0
411,"00009626001",TUL6G35,2026-06-09,1,15:50:00,"0  ",,,,,2028-10-03,15:50:00,121,L,455.0,,0.0,0.0,,0.0,0.0,,600.0,,0.0,,,,"","",,,,,,,N,4,0.0,AS,0.0,,,0,0,,,398,N,,,,0.0,,55055.0,,,0.0,,,,A,,,"001",847,,S,,455.0,0.0,,,P,0.0,,2026-06-09 15:50:00.000,,2028-10-03 15:50:00.000,,,,0
412,"00009726001",TUK5A24,2026-06-10,202,10:24:00,"0  ",2026-07-07,2169,14:08:00,"0  ",2028-10-10,10:24:00,121,L,500.0,,0.0,0.0,,0.0,0.0,,100.0,,0.0,,,,"","",,,,,,,N,4,0.0,AS,0.0,,,0,0,,,399,N,,,,0.0,,60928.58,,,0.0,,,,E,,,"001",27,,S,,500.0,0.0,,,P,0.0,,2026-06-10 10:24:00.000,2026-07-07 14:08:00.000,2028-10-10 10:24:00.000,,,,1967
413,"00003026001",TUO5E03,2026-06-10,1,11:45:00,"0  ",,,,,2028-10-10,11:45:00,121,L,500.0,,0.0,0.0,,0.0,0.0,,1000.0,,0.0,,,,"","",,,,,,,N,5,0.0,AS,0.0,,,0,0,,,400,N,,,,0.0,,60928.58,,,0.0,,,,A,,,"001",853,,S,,500.0,0.0,,,P,0.0,,2026-06-10 11:45:00.000,,2028-10-10 11:45:00.000,,,,0
414,"00003126001",TUO5E05,2026-06-10,1,16:37:00,"0  ",,,,,2028-10-11,16:37:00,122,L,500.0,,0.0,0.0,,0.0,0.0,,0.0,,0.0,,,,"","",,,,,,,N,5,0.0,AS,0.0,,,0,0,,,401,N,,,,0.0,,61000.0,,,0.0,,,,A,,,"001",854,,S,,500.0,0.0,,,P,0.0,,2026-06-10 16:37:00.000,,2028-10-11 16:37:00.000,,,,0
415,"00009826001",TUO6H79,2026-06-11,1,16:23:00,"0  ",,,,,2028-10-11,16:23:00,121,L,455.0,,0.0,0.0,,0.0,0.0,,600.0,,0.0,,,,"","",,,,,,,N,4,0.0,AS,0.0,,,0,0,,,402,N,,,,0.0,,55445.0,,,0.0,,,,A,,,"001",853,,S,,455.0,0.0,,,P,0.0,,2026-06-11 16:23:00.000,,2028-10-11 16:23:00.000,,,,0
416,"00027326001",TTR6G26,2026-06-15,42918,15:46:00,"0  ",,,,,2028-10-15,15:46:00,121,L,400.0,,0.0,0.0,,0.0,0.0,,600.0,,0.0,,,,"","",,,,,,,N,1,0.0,AS,0.0,,,0,0,,,403,N,,,,0.0,,48742.84,,,0.0,,,,A,,,"001",853,,S,,400.0,0.0,,,P,0.0,,2026-06-15 15:46:00.000,,2028-10-15 15:46:00.000,,,,0
417,"00009926001",TUB9F42,2026-06-16,4889,13:51:00,"0  ",,,,,2028-10-10,13:51:00,121,L,455.0,,0.0,0.0,,0.0,0.0,,600.0,,0.0,,,,"","",,,,,,,N,4,0.0,AS,0.0,,,0,0,,,404,N,,,,0.0,,55055.0,,,0.0,,,,A,,,"001",847,,S,,455.0,0.0,,,P,0.0,,2026-06-16 13:51:00.000,,2028-10-10 13:51:00.000,,,,0
418,"00010026001",TUE9D38,2026-06-16,966,14:06:00,"0  ",,,,,2028-10-16,14:06:00,121,L,500.0,,0.0,0.0,,0.0,0.0,,1000.0,,0.0,,,,"","",,,,,,,N,4,0.0,AS,0.0,,,0,0,,,405,N,,,,0.0,,60928.58,,,0.0,,,,A,,,"001",853,,S,,500.0,0.0,,,P,0.0,,2026-06-16 14:06:00.000,,2028-10-16 14:06:00.000,,,,0
419,"00027426001",TUP5D00,2026-06-17,1,14:28:00,"0  ",,,,,2028-10-17,14:28:00,121,L,500.0,,0.0,0.0,,0.0,0.0,,1000.0,,0.0,,,,"","",,,,,,,N,1,0.0,AS,0.0,,,0,0,,,406,N,,,,0.0,,60928.58,,,0.0,,,,A,,,"001",853,,S,,500.0,0.0,,,P,0.0,,2026-06-17 14:28:00.000,,2028-10-17 14:28:00.000,,,,0
420,"00027526001",TUK7H42,2026-06-17,1,15:09:00,"0  ",2026-07-06,1094,16:30:00,"0  ",2028-10-17,15:09:00,121,L,500.0,,0.0,0.0,,0.0,0.0,,1000.0,,0.0,,,,"","",,,,,,,N,1,0.0,AS,0.0,,,0,0,,,407,N,,,,0.0,,60928.58,,,0.0,,,,E,,,"001",19,,S,,500.0,0.0,,,P,0.0,,2026-06-17 15:09:00.000,2026-07-06 16:30:00.000,2028-10-17 15:09:00.000,,,,1093
421,"00027626001",TUK7H41,2026-06-17,1,15:57:00,"0  ",,,,,2028-10-17,15:57:00,121,L,500.0,,0.0,0.0,,0.0,0.0,,1000.0,,0.0,,,,"","",,,,,,,N,1,0.0,AS,0.0,,,0,0,,,408,N,,,,0.0,,60928.58,,,0.0,,,,A,,,"001",853,,S,,500.0,0.0,,,P,0.0,,2026-06-17 15:57:00.000,,2028-10-17 15:57:00.000,,,,0
422,"00027726001",TUQ3A48,2026-06-18,5873,16:09:00,"0  ",,,,,2028-10-18,16:09:00,121,L,455.0,,0.0,0.0,,0.0,0.0,,600.0,,0.0,,,,"","",,,,,,,N,1,0.0,AS,0.0,,,0,0,,,409,N,,,,0.0,,55445.0,,,0.0,,,,A,,,"001",853,,S,,455.0,0.0,,,P,0.0,,2026-06-18 16:09:00.000,,2028-10-18 16:09:00.000,,,,0
423,"00010126001",TUK7H44,2026-06-19,1,11:08:00,"0  ",,,,,2028-10-19,11:08:00,121,L,455.0,,0.0,0.0,,0.0,0.0,,1000.0,,0.0,,,,"","",,,,,,,N,4,0.0,AS,0.0,,,0,0,,,410,N,,,,0.0,,55445.0,,,0.0,,,,A,,,"001",853,,S,,455.0,0.0,,,P,0.0,,2026-06-19 11:08:00.000,,2028-10-19 11:08:00.000,,,,0
424,"00027826001",TUM8A32,2026-06-19,1,12:56:00,"0  ",,,,,2028-10-19,12:56:00,121,L,500.0,,0.0,0.0,,0.0,0.0,,1000.0,,0.0,,,,"","",,,,,,,N,1,0.0,AS,0.0,,,0,0,,,411,N,,,,0.0,,60928.58,,,0.0,,,,A,,,"001",853,,S,,500.0,0.0,,,P,0.0,,2026-06-19 12:56:00.000,,2028-10-19 12:56:00.000,,,,0
425,"00010226001",TUO7I11,2026-06-19,1,16:29:00,"0  ",2026-07-13,974,12:53:00,"0  ",2028-10-19,16:29:00,121,L,500.0,,0.0,0.0,,0.0,0.0,,1000.0,,0.0,,,,"","",,,,,,,N,4,0.0,AS,0.0,,,0,0,,,412,N,,,,0.0,,60928.58,,,0.0,,,,E,,,"001",24,,S,,0.0,500.0,,,P,0.0,,2026-06-19 16:29:00.000,2026-07-13 12:53:00.000,2028-10-19 16:29:00.000,,,,973
426,"00010326001",TUL6G31,2026-06-19,1,16:41:00,"0  ",,,,,2028-10-19,16:41:00,121,L,455.0,,0.0,0.0,,0.0,0.0,,600.0,,0.0,,,,"","",,,,,,,N,4,0.0,AS,0.0,,,0,0,,,413,N,,,,0.0,,55445.0,,,0.0,,,,C,,,"001",853,,S,,455.0,0.0,,,P,0.0,,2026-06-19 16:41:00.000,,2028-10-19 16:41:00.000,,,,0
427,"00010426001",TUL6G31,2026-06-22,1,12:58:00,"0  ",,,,,2028-10-22,12:58:00,121,L,455.0,,0.0,0.0,,0.0,0.0,,600.0,,0.0,,,,"","",,,,,,,N,4,0.0,AS,0.0,,,0,0,,,414,N,,,,0.0,,55445.0,,,0.0,,,,A,,,"001",853,,S,,0.0,455.0,,,P,0.0,,2026-06-22 12:58:00.000,,2028-10-22 12:58:00.000,,,,0
428,"00010526001",TUK6H12,2026-06-22,1,13:43:00,"0  ",,,,,2028-10-22,13:43:00,121,L,455.0,,0.0,0.0,,0.0,0.0,,600.0,,0.0,,,,"","",,,,,,,N,4,0.0,AS,0.0,,,0,0,,,415,N,,,,0.0,,55445.0,,,0.0,,,,A,,,"001",853,,S,,0.0,455.0,,,P,0.0,,2026-06-22 13:43:00.000,,2028-10-22 13:43:00.000,,,,0
429,"00010626001",TUN7H24,2026-06-22,1,16:37:00,"0  ",,,,,2028-10-22,16:37:00,121,L,500.0,,0.0,0.0,,0.0,0.0,,1000.0,,0.0,,,,"","",,,,,,,N,4,0.0,AS,0.0,,,0,0,,,416,N,,,,0.0,,60928.58,,,0.0,,,,A,,,"001",853,,S,,500.0,0.0,,,P,0.0,,2026-06-22 16:37:00.000,,2028-10-22 16:37:00.000,,,,0
430,"00027926001",TUM8A33,2026-06-24,1,13:47:00,"0  ",,,,,2028-10-24,13:47:00,121,L,500.0,,0.0,0.0,,0.0,0.0,,1000.0,,0.0,,,,"","",,,,,,,N,1,0.0,AS,0.0,,,0,0,,,417,N,,,,0.0,,60928.58,,,0.0,,,,A,,,"001",853,,S,,500.0,0.0,,,P,0.0,,2026-06-24 13:47:00.000,,2028-10-24 13:47:00.000,,,,0
431,"00010726001",TUK6H11,2026-06-24,1,15:08:00,"0  ",,,,,2028-10-24,23:59:00,121,L,455.0,,0.0,0.0,,0.0,0.0,,600.0,,0.0,,,,"","",,,,,,,N,4,0.0,AS,0.0,,,0,0,,,418,N,,,,0.0,,55445.0,,,0.0,,,,A,,,"001",853,,S,,0.0,455.0,,,P,0.0,,2026-06-24 15:08:00.000,,2028-10-24 23:59:00.000,,,,0
432,"00010826001",TUJ8I15,2026-06-25,1,15:54:00,"0  ",,,,,2028-10-25,15:54:00,121,L,500.0,,0.0,0.0,,0.0,0.0,,1000.0,,0.0,,,,"","",,,,,,,N,4,0.0,AS,0.0,,,0,0,,,419,N,,,,0.0,,60928.58,,,0.0,,,,A,,,"001",853,,S,,0.0,500.0,,,P,0.0,,2026-06-25 15:54:00.000,,2028-10-25 15:54:00.000,,,,0
433,"00010926001",TUI8E39,2026-06-26,1,09:18:00,"0  ",,,,,2028-10-26,09:18:00,121,L,455.0,,0.0,0.0,,0.0,0.0,,600.0,,0.0,,,,"","",,,,,,,N,4,0.0,AS,0.0,,,0,0,,,420,N,,,,0.0,,55445.0,,,0.0,,,,A,,,"001",853,,S,,455.0,0.0,,,P,0.0,,2026-06-26 09:18:00.000,,2028-10-26 09:18:00.000,,,,0
434,"00028026001",TTL2J87,2026-06-26,55479,12:59:00,"0  ",,,,,2028-10-26,12:59:00,121,L,380.0,,0.0,0.0,,0.0,0.0,,600.0,,0.0,,,,"","",,,,,,,N,1,0.0,AS,0.0,,,0,0,,,421,N,,,,0.0,,46305.74,,,0.0,,,,A,,,"001",853,,S,,380.0,0.0,,,P,0.0,,2026-06-26 12:59:00.000,,2028-10-26 12:59:00.000,,,,0
435,"00028126001",TUP6B54,2026-06-26,1,15:42:00,"0  ",,,,,2028-10-26,15:42:00,121,L,500.0,,0.0,0.0,,0.0,0.0,,1000.0,,0.0,,,,"","",,,,,,,N,1,0.0,AS,0.0,,,0,0,,,422,N,,,,0.0,,60928.58,,,0.0,,,,C,,,"001",853,,S,,500.0,0.0,,,P,0.0,,2026-06-26 15:42:00.000,,2028-10-26 15:42:00.000,,,,0
436,"00028126001",TUL8F11,2026-06-26,1,15:59:00,"0  ",,,,,2028-10-26,15:59:00,121,L,500.0,,0.0,0.0,,0.0,0.0,,1000.0,,0.0,,,,"","",,,,,,,N,1,0.0,AS,0.0,,,0,0,,,422,N,,,,0.0,,60928.58,,,0.0,,,,A,,,"001",853,,S,,500.0,0.0,,,P,0.0,,2026-06-26 15:59:00.000,,2028-10-26 15:59:00.000,,,,0
437,"00011026001",TUH9J80,2026-06-29,1,09:23:00,"0  ",,,,,2028-10-29,09:23:00,121,L,455.0,,0.0,0.0,,0.0,0.0,,600.0,,0.0,,,,"","",,,,,,,N,4,0.0,AS,0.0,,,0,0,,,423,N,,,,0.0,,55445.0,,,0.0,,,,A,,,"001",853,,S,,0.0,455.0,,,P,0.0,,2026-06-29 09:23:00.000,,2028-10-29 09:23:00.000,,,,0
438,"00011126001",TUJ9F82,2026-06-30,1,09:29:00,"0  ",,,,,2028-10-30,09:29:00,121,L,500.0,,0.0,0.0,,0.0,0.0,,1000.0,,0.0,,,,"","",,,,,,,N,4,0.0,AS,0.0,,,0,0,,,424,N,,,,0.0,,60928.58,,,0.0,,,,A,,,"001",853,,S,,500.0,0.0,,,P,0.0,,2026-06-30 09:29:00.000,,2028-10-30 09:29:00.000,,,,0
439,"00011226001",TUJ7H69,2026-06-30,1,09:50:00,"0  ",,,,,2028-10-30,09:50:00,121,L,455.0,,0.0,0.0,,0.0,0.0,,600.0,,0.0,,,,"","",,,,,,,N,4,0.0,AS,0.0,,,0,0,,,425,N,,,,0.0,,55445.0,,,0.0,,,,A,,,"001",853,,S,,455.0,0.0,,,P,0.0,,2026-06-30 09:50:00.000,,2028-10-30 09:50:00.000,,,,0
440,"00028226001",TTS8D17,2026-06-30,23416,10:29:00,"0  ",,,,,2028-10-30,10:29:00,121,L,420.0,,0.0,0.0,,0.0,0.0,,0.0,,0.0,,,,"","",,,,,,,N,1,0.0,AS,0.0,,,0,0,,,426,N,,,,0.0,,51180.0,,,0.0,,,,A,,,"001",853,,S,,420.0,0.0,,,P,0.0,,2026-06-30 10:29:00.000,,2028-10-30 10:29:00.000,,,,0
441,"00028326001",TUN4D36,2026-06-30,3936,11:40:00,"0  ",,,,,2028-10-30,11:40:00,121,L,500.0,,0.0,0.0,,0.0,0.0,,1000.0,,0.0,,,,"","",,,,,,,N,1,0.0,AS,0.0,,,0,0,,,427,N,,,,0.0,,60928.58,,,0.0,,,,A,,,"001",853,,S,,500.0,0.0,,,P,0.0,,2026-06-30 11:40:00.000,,2028-10-30 11:40:00.000,,,,0
442,"00028426001",TUJ9F77,2026-06-30,15,12:17:00,"0  ",,,,,2028-10-30,12:17:00,121,L,500.0,,0.0,0.0,,0.0,0.0,,1000.0,,0.0,,,,"","",,,,,,,N,1,0.0,AS,0.0,,,0,0,,,428,N,,,,0.0,,60928.58,,,0.0,,,,A,,,"001",853,,S,,500.0,0.0,,,P,0.0,,2026-06-30 12:17:00.000,,2028-10-30 12:17:00.000,,,,0
443,"00011326001",TUK6G99,2026-06-30,1,12:58:00,"0  ",,,,,2028-10-30,12:58:00,121,L,0.0,,0.0,0.0,,0.0,0.0,,600.0,,0.0,,,,"","",,,,,,,N,4,0.0,AS,0.0,,,0,0,,,429,N,,,,0.0,,0.0,,,0.0,,,,C,,,"001",853,,S,,0.0,455.0,,,P,0.0,,2026-06-30 12:58:00.000,,2028-10-30 12:58:00.000,,,,0
444,"00011326001",TUK6G99,2026-06-30,1,12:59:00,"0  ",,,,,2028-10-30,12:59:00,121,L,455.0,,0.0,0.0,,0.0,0.0,,600.0,,0.0,,,,"","",,,,,,,N,4,0.0,AS,0.0,,,0,0,,,429,N,,,,0.0,,55445.0,,,0.0,,,,A,,,"001",853,,S,,0.0,455.0,,, ,0.0,,2026-06-30 12:59:00.000,,2028-10-30 12:59:00.000,,,,0
445,"00028526001",TUK8F88,2026-06-30,1,15:38:00,"0  ",,,,,2028-10-30,15:38:00,121,L,500.0,,0.0,0.0,,0.0,0.0,,1000.0,,0.0,,,,"","",,,,,,,N,1,0.0,AS,0.0,,,0,0,,,430,N,,,,0.0,,60928.58,,,0.0,,,,A,,,"001",853,,S,,500.0,0.0,,,P,0.0,,2026-06-30 15:38:00.000,,2028-10-30 15:38:00.000,,,,0
446,"00028626001",TUP6B54,2026-07-02,1,12:38:00,"0  ",,,,,2028-11-02,12:38:00,122,L,500.0,,0.0,0.0,,0.0,0.0,,0.0,,0.0,,,,"","",,,,,,,N,1,0.0,AS,0.0,,,0,0,,,431,N,,,,0.0,,61000.0,,,0.0,,,,C,,,"001",854,,S,,500.0,0.0,,,P,0.0,,2026-07-02 12:38:00.000,,2028-11-02 12:38:00.000,,,,0
447,"00011426001",TUJ9J96,2026-07-01,1,16:32:00,"0  ",,,,,2028-11-01,16:32:00,122,L,455.0,,0.0,0.0,,0.0,0.0,,600.0,,0.0,,,,"","",,,,,,,N,4,0.0,AS,0.0,,,0,0,,,432,N,,,,0.0,,55510.0,,,0.0,,,,A,,,"001",854,,S,,0.0,455.0,,,P,0.0,,2026-07-01 16:32:00.000,,2028-11-01 16:32:00.000,,,,0
448,"00003226001",TUK5E12,2026-07-01,3026,16:48:00,"0  ",,,,,2028-11-01,16:48:00,122,L,500.0,,0.0,0.0,,0.0,0.0,,600.0,,0.0,,,,"","",,,,,,,N,5,0.0,AS,0.0,,,0,0,,,433,N,,,,0.0,,61000.0,,,0.0,,,,A,,,"001",854,,S,,500.0,0.0,,,P,0.0,,2026-07-01 16:48:00.000,,2028-11-01 16:48:00.000,,,,0
449,"00028726001",TUK8F83,2026-07-02,1,08:54:00,"0  ",,,,,2028-11-02,08:54:00,122,L,500.0,,0.0,0.0,,0.0,0.0,,1000.0,,0.0,,,,"","",,,,,,,N,1,0.0,AS,0.0,,,0,0,,,434,N,,,,0.0,,61000.0,,,0.0,,,,A,,,"001",854,,S,,500.0,0.0,,,P,0.0,,2026-07-02 08:54:00.000,,2028-11-02 08:54:00.000,,,,0
450,"00011526001",TUN8J34,2026-07-02,1,10:09:00,"0  ",,,,,2028-11-02,10:09:00,122,L,455.0,,0.0,0.0,,0.0,0.0,,600.0,,0.0,,,,"","",,,,,,,N,4,0.0,AS,0.0,,,0,0,,,435,N,,,,0.0,,55510.0,,,0.0,,,,A,,,"001",854,,S,,0.0,455.0,,,P,0.0,,2026-07-02 10:09:00.000,,2028-11-02 10:09:00.000,,,,0
451,"00011626001",TUM9A13,2026-07-02,1,11:06:00,"0  ",,,,,2028-11-02,11:06:00,122,L,455.0,,0.0,0.0,,0.0,0.0,,600.0,,0.0,,,,"","",,,,,,,N,4,0.0,AS,0.0,,,0,0,,,436,N,,,,0.0,,55510.0,,,0.0,,,,A,,,"001",854,,S,,0.0,455.0,,,P,0.0,,2026-07-02 11:06:00.000,,2028-11-02 11:06:00.000,,,,0
452,"00028826001",TUL8J19,2026-07-02,1,12:42:00,"0  ",,,,,2026-07-09,12:42:00,122,L,455.0,,0.0,0.0,,0.0,0.0,,600.0,,0.0,,,,"","",,,,,,,N,1,0.0,AS,0.0,,,0,0,,,437,N,,,,0.0,,55510.0,,,0.0,,,,A,,,"001",7,,S,,455.0,0.0,,,P,0.0,,2026-07-02 12:42:00.000,,2026-07-09 12:42:00.000,,,,0
453,"00011726001",TUB8D59,2026-07-02,11188,15:51:00,"0  ",,,,,2028-11-02,15:51:00,122,L,400.0,,0.0,0.0,,0.0,0.0,,600.0,,0.0,,,,"","",,,,,,,N,4,0.0,AS,0.0,,,0,0,,,438,N,,,,0.0,,48800.0,,,0.0,,,,A,,,"001",854,,S,,400.0,0.0,,,P,0.0,,2026-07-02 15:51:00.000,,2028-11-02 15:51:00.000,,,,0
454,"00011826001",TUR4E42,2026-07-02,1,16:36:00,"0  ",,,,,2028-11-02,16:36:00,122,L,500.0,,0.0,0.0,,0.0,0.0,,1000.0,,0.0,,,,"","",,,,,,,N,4,0.0,AS,0.0,,,0,0,,,439,N,,,,0.0,,61000.0,,,0.0,,,,A,,,"001",854,,S,,500.0,0.0,,,P,0.0,,2026-07-02 16:36:00.000,,2028-11-02 16:36:00.000,,,,0
455,"00028926001",TUB0H06,2026-07-03,93918,10:33:00,"0  ",,,,,2028-11-03,10:33:00,122,L,380.0,,0.0,0.0,,0.0,0.0,,600.0,,0.0,,,,"","",,,,,,,N,1,0.0,AS,0.0,,,0,0,,,440,N,,,,0.0,,46360.0,,,0.0,,,,A,,,"001",854,,S,,380.0,0.0,,,P,0.0,,2026-07-03 10:33:00.000,,2028-11-03 10:33:00.000,,,,0
456,"00011926001",TUO9A29,2026-07-03,1,10:51:00,"0  ",,,,,2028-11-03,10:51:00,122,L,455.0,,0.0,0.0,,0.0,0.0,,600.0,,0.0,,,,"","",,,,,,,N,4,0.0,AS,0.0,,,0,0,,,441,N,,,,0.0,,55510.0,,,0.0,,,,A,,,"001",854,,S,,455.0,0.0,,,P,0.0,,2026-07-03 10:51:00.000,,2028-11-03 10:51:00.000,,,,0
457,"00029026001",TTA6I12,2026-07-03,1,12:58:00,"0  ",,,,,2026-07-10,12:58:00,122,L,500.0,,0.0,0.0,,0.0,0.0,,1000.0,,0.0,,,,"","",,,,,,,N,1,0.0,AS,0.0,,,0,0,,,442,N,,,,0.0,,61000.0,,,0.0,,,,A,,,"001",7,,S,,500.0,0.0,,,P,0.0,,2026-07-03 12:58:00.000,,2026-07-10 12:58:00.000,,,,0
458,"00012026001",TUM9A11,2026-07-03,1,15:04:00,"0  ",,,,,2028-11-03,15:04:00,122,L,455.0,,0.0,0.0,,0.0,0.0,,600.0,,0.0,,,,"","",,,,,,,N,4,0.0,AS,0.0,,,0,0,,,443,N,,,,0.0,,55510.0,,,0.0,,,,A,,,"001",854,,S,,455.0,0.0,,,P,0.0,,2026-07-03 15:04:00.000,,2028-11-03 15:04:00.000,,,,0
459,"00029126001",TUP6B54,2026-07-06,1,11:35:00,"0  ",,,,,2028-11-06,11:35:00,122,L,500.0,,0.0,0.0,,0.0,0.0,,1000.0,,0.0,,,,"","",,,,,,,N,1,0.0,AS,0.0,,,0,0,,,444,N,,,,0.0,,61000.0,,,0.0,,,,A,,,"001",854,,S,,500.0,0.0,,,P,0.0,,2026-07-06 11:35:00.000,,2028-11-06 11:35:00.000,,,,0
460,"00029226001",TUQ5B46,2026-07-06,1,14:20:00,"0  ",,,,,2028-11-06,14:20:00,122,L,455.0,,0.0,0.0,,0.0,0.0,,600.0,,0.0,,,,"","",,,,,,,N,1,0.0,AS,0.0,,,0,0,,,445,N,,,,0.0,,55510.0,,,0.0,,,,A,,,"001",854,,S,,455.0,0.0,,,P,0.0,,2026-07-06 14:20:00.000,,2028-11-06 14:20:00.000,,,,0
461,"00029326001",TUO9B22,2026-07-06,1,15:45:00,"0  ",,,,,2028-11-06,15:45:00,122,L,500.0,,0.0,0.0,,0.0,0.0,,1000.0,,0.0,,,,"","",,,,,,,N,1,0.0,AS,0.0,,,0,0,,,446,N,,,,0.0,,61000.0,,,0.0,,,,A,,,"001",854,,S,,500.0,0.0,,,P,0.0,,2026-07-06 15:45:00.000,,2028-11-06 15:45:00.000,,,,0
462,"00003326001",TUC8G08,2026-07-07,4604,12:31:00,"0  ",,,,,2028-11-07,12:31:00,122,L,455.0,,0.0,0.0,,0.0,0.0,,0.0,,0.0,,,,"","",,,,,,,N,5,0.0,AS,0.0,,,0,0,,,447,N,,,,0.0,,55510.0,,,0.0,,,,A,,,"001",854,,S,,455.0,0.0,,,P,0.0,,2026-07-07 12:31:00.000,,2028-11-07 12:31:00.000,,,,0
463,"00029426001",TUN9D71,2026-07-07,1,12:57:00,"0  ",,,,,2028-11-07,12:57:00,122,L,455.0,,0.0,0.0,,0.0,0.0,,600.0,,0.0,,,,"","",,,,,,,N,1,0.0,AS,0.0,,,0,0,,,448,N,,,,0.0,,55510.0,,,0.0,,,,A,,,"001",854,,S,,455.0,0.0,,,P,0.0,,2026-07-07 12:57:00.000,,2028-11-07 12:57:00.000,,,,0
464,"00012126001",TUK9C51,2026-07-07,1,13:32:00,"0  ",,,,,2028-11-07,13:32:00,122,L,500.0,,0.0,0.0,,0.0,0.0,,1000.0,,0.0,,,,"","",,,,,,,N,4,0.0,AS,0.0,,,0,0,,,449,N,,,,0.0,,61000.0,,,0.0,,,,A,,,"001",854,,S,,500.0,0.0,,,P,0.0,,2026-07-07 13:32:00.000,,2028-11-07 13:32:00.000,,,,0
465,"00012226001",TUO8G03,2026-07-08,1,09:23:00,"0  ",,,,,2028-11-08,09:23:00,122,L,0.0,,0.0,0.0,,0.0,0.0,,1000.0,,0.0,,,,"","",,,,,,,N,4,0.0,AS,0.0,,,0,0,,,450,N,,,,0.0,,0.0,,,0.0,,,,C,,,"001",854,,S,,500.0,0.0,,,P,0.0,,2026-07-08 09:23:00.000,,2028-11-08 09:23:00.000,,,,0
466,"00012226001",TUO8G03,2026-07-08,1,09:25:00,"0  ",,,,,2028-11-08,09:25:00,122,L,500.0,,0.0,0.0,,0.0,0.0,,1000.0,,0.0,,,,"","",,,,,,,N,4,0.0,AS,0.0,,,0,0,,,450,N,,,,0.0,,61000.0,,,0.0,,,,A,,,"001",854,,S,,500.0,0.0,,, ,0.0,,2026-07-08 09:25:00.000,,2028-11-08 09:25:00.000,,,,0
467,"00012326001",TUI4G09,2026-07-08,3554,15:30:00,"0  ",,,,,2028-11-08,15:30:00,122,L,455.0,,0.0,0.0,,0.0,0.0,,1000.0,,0.0,,,,"","",,,,,,,N,4,0.0,AS,0.0,,,0,0,,,451,N,,,,0.0,,55510.0,,,0.0,,,,A,,,"001",854,,S,,455.0,0.0,,,P,0.0,,2026-07-08 15:30:00.000,,2028-11-08 15:30:00.000,,,,0
468,"00029526001",TTA6I11,2026-07-09,1,09:47:00,"0  ",,,,,2028-11-09,09:47:00,122,L,500.0,,0.0,0.0,,0.0,0.0,,1000.0,,0.0,,,,"","",,,,,,,N,1,0.0,AS,0.0,,,0,0,,,452,N,,,,0.0,,61000.0,,,0.0,,,,A,,,"001",854,,S,,500.0,0.0,,,P,0.0,,2026-07-09 09:47:00.000,,2028-11-09 09:47:00.000,,,,0
469,"00012426001",TUK9C52,2026-07-09,1,15:01:00,"0  ",,,,,2028-11-09,15:01:00,122,L,500.0,,0.0,0.0,,0.0,0.0,,1000.0,,0.0,,,,"","",,,,,,,N,4,0.0,AS,0.0,,,0,0,,,453,N,,,,0.0,,61000.0,,,0.0,,,,A,,,"001",854,,S,,500.0,0.0,,,P,0.0,,2026-07-09 15:01:00.000,,2028-11-09 15:01:00.000,,,,0
470,"00012526001",TUL9B66,2026-07-10,1,10:34:00,"0  ",,,,,2028-11-10,10:34:00,122,L,0.0,,0.0,0.0,,0.0,0.0,,1000.0,,0.0,,,,"","",,,,,,,N,4,0.0,AS,0.0,,,0,0,,,454,N,,,,0.0,,0.0,,,0.0,,,,A,,,"001",854,,S,,500.0,0.0,,,P,0.0,,2026-07-10 10:34:00.000,,2028-11-10 10:34:00.000,,,,0
471,"00029626001",TUM9E94,2026-07-10,1,17:12:00,"0  ",,,,,2028-11-10,17:12:00,122,L,455.0,,0.0,0.0,,0.0,0.0,,600.0,,0.0,,,,"","",,,,,,,N,1,0.0,AS,0.0,,,0,0,,,455,N,,,,0.0,,55510.0,,,0.0,,,,A,,,"001",854,,S,,455.0,0.0,,,P,0.0,,2026-07-10 17:12:00.000,,2028-11-10 17:12:00.000,,,,0
472,"00029726001",TTA6J93,2026-07-13,1,09:35:00,"0  ",,,,,2028-11-13,09:35:00,122,L,455.0,,0.0,0.0,,0.0,0.0,,600.0,,0.0,,,,"","",,,,,,,N,1,0.0,AS,0.0,,,0,0,,,456,N,,,,0.0,,55510.0,,,0.0,,,,A,,,"001",854,,S,,455.0,0.0,,,P,0.0,,2026-07-13 09:35:00.000,,2028-11-13 09:35:00.000,,,,0
473,"00012626001",TUI6C76,2026-07-13,6263,11:54:00,"0  ",,,,,2028-11-13,11:54:00,122,L,455.0,,0.0,0.0,,0.0,0.0,,600.0,,0.0,,,,"","",,,,,,,N,4,0.0,AS,0.0,,,0,0,,,457,N,,,,0.0,,55510.0,,,0.0,,,,A,,,"001",854,,S,,455.0,0.0,,,P,0.0,,2026-07-13 11:54:00.000,,2028-11-13 11:54:00.000,,,,0
474,"00029826001",TTA7A14,2026-07-13,1,12:46:00,"0  ",,,,,2028-11-13,12:46:00,122,L,500.0,,0.0,0.0,,0.0,0.0,,1000.0,,0.0,,,,"","",,,,,,,N,1,0.0,AS,0.0,,,0,0,,,458,N,,,,0.0,,61000.0,,,0.0,,,,A,,,"001",854,,S,,500.0,0.0,,,P,0.0,,2026-07-13 12:46:00.000,,2028-11-13 12:46:00.000,,,,0
475,"00012726001",TUH6B26,2026-07-14,9468,13:21:00,"0  ",,,,,2028-11-14,13:21:00,122,L,500.0,,0.0,0.0,,0.0,0.0,,600.0,,0.0,,,,"","",,,,,,,N,4,0.0,AS,0.0,,,0,0,,,459,N,,,,0.0,,61000.0,,,0.0,,,,A,,,"001",854,,S,,500.0,0.0,,,P,0.0,,2026-07-14 13:21:00.000,,2028-11-14 13:21:00.000,,,,0
